<?xml version="1.0" encoding="UTF-8" standalone="yes"?>
<instance>
    <info>
        <dataset>Gehring and Homberger 1999 — Set 200</dataset>
        <name>C1_02_05</name>
    </info>
    <network>
        <nodes>
            <node id="0" type="0">
                <cx>70.0</cx>
                <cy>70.0</cy>
            </node>
            <node id="1" type="1">
                <cx>33.0</cx>
                <cy>78.0</cy>
            </node>
            <node id="2" type="1">
                <cx>59.0</cx>
                <cy>52.0</cy>
            </node>
            <node id="3" type="1">
                <cx>10.0</cx>
                <cy>137.0</cy>
            </node>
            <node id="4" type="1">
                <cx>4.0</cx>
                <cy>28.0</cy>
            </node>
            <node id="5" type="1">
                <cx>25.0</cx>
                <cy>26.0</cy>
            </node>
            <node id="6" type="1">
                <cx>86.0</cx>
                <cy>37.0</cy>
            </node>
            <node id="7" type="1">
                <cx>1.0</cx>
                <cy>109.0</cy>
            </node>
            <node id="8" type="1">
                <cx>6.0</cx>
                <cy>135.0</cy>
            </node>
            <node id="9" type="1">
                <cx>32.0</cx>
                <cy>79.0</cy>
            </node>
            <node id="10" type="1">
                <cx>24.0</cx>
                <cy>26.0</cy>
            </node>
            <node id="11" type="1">
                <cx>86.0</cx>
                <cy>36.0</cy>
            </node>
            <node id="12" type="1">
                <cx>95.0</cx>
                <cy>35.0</cy>
            </node>
            <node id="13" type="1">
                <cx>63.0</cx>
                <cy>50.0</cy>
            </node>
            <node id="14" type="1">
                <cx>100.0</cx>
                <cy>106.0</cy>
            </node>
            <node id="15" type="1">
                <cx>99.0</cx>
                <cy>112.0</cy>
            </node>
            <node id="16" type="1">
                <cx>36.0</cx>
                <cy>135.0</cy>
            </node>
            <node id="17" type="1">
                <cx>57.0</cx>
                <cy>59.0</cy>
            </node>
            <node id="18" type="1">
                <cx>8.0</cx>
                <cy>124.0</cy>
            </node>
            <node id="19" type="1">
                <cx>85.0</cx>
                <cy>106.0</cy>
            </node>
            <node id="20" type="1">
                <cx>103.0</cx>
                <cy>69.0</cy>
            </node>
            <node id="21" type="1">
                <cx>109.0</cx>
                <cy>131.0</cy>
            </node>
            <node id="22" type="1">
                <cx>43.0</cx>
                <cy>140.0</cy>
            </node>
            <node id="23" type="1">
                <cx>115.0</cx>
                <cy>134.0</cy>
            </node>
            <node id="24" type="1">
                <cx>98.0</cx>
                <cy>70.0</cy>
            </node>
            <node id="25" type="1">
                <cx>112.0</cx>
                <cy>67.0</cy>
            </node>
            <node id="26" type="1">
                <cx>102.0</cx>
                <cy>104.0</cy>
            </node>
            <node id="27" type="1">
                <cx>93.0</cx>
                <cy>75.0</cy>
            </node>
            <node id="28" type="1">
                <cx>90.0</cx>
                <cy>104.0</cy>
            </node>
            <node id="29" type="1">
                <cx>127.0</cx>
                <cy>108.0</cy>
            </node>
            <node id="30" type="1">
                <cx>84.0</cx>
                <cy>99.0</cy>
            </node>
            <node id="31" type="1">
                <cx>113.0</cx>
                <cy>69.0</cy>
            </node>
            <node id="32" type="1">
                <cx>129.0</cx>
                <cy>9.0</cy>
            </node>
            <node id="33" type="1">
                <cx>18.0</cx>
                <cy>38.0</cy>
            </node>
            <node id="34" type="1">
                <cx>30.0</cx>
                <cy>27.0</cy>
            </node>
            <node id="35" type="1">
                <cx>25.0</cx>
                <cy>80.0</cy>
            </node>
            <node id="36" type="1">
                <cx>17.0</cx>
                <cy>37.0</cy>
            </node>
            <node id="37" type="1">
                <cx>32.0</cx>
                <cy>106.0</cy>
            </node>
            <node id="38" type="1">
                <cx>43.0</cx>
                <cy>135.0</cy>
            </node>
            <node id="39" type="1">
                <cx>61.0</cx>
                <cy>59.0</cy>
            </node>
            <node id="40" type="1">
                <cx>104.0</cx>
                <cy>106.0</cy>
            </node>
            <node id="41" type="1">
                <cx>109.0</cx>
                <cy>71.0</cy>
            </node>
            <node id="42" type="1">
                <cx>121.0</cx>
                <cy>110.0</cy>
            </node>
            <node id="43" type="1">
                <cx>61.0</cx>
                <cy>48.0</cy>
            </node>
            <node id="44" type="1">
                <cx>74.0</cx>
                <cy>99.0</cy>
            </node>
            <node id="45" type="1">
                <cx>89.0</cx>
                <cy>73.0</cy>
            </node>
            <node id="46" type="1">
                <cx>21.0</cx>
                <cy>25.0</cy>
            </node>
            <node id="47" type="1">
                <cx>99.0</cx>
                <cy>28.0</cy>
            </node>
            <node id="48" type="1">
                <cx>101.0</cx>
                <cy>96.0</cy>
            </node>
            <node id="49" type="1">
                <cx>9.0</cx>
                <cy>114.0</cy>
            </node>
            <node id="50" type="1">
                <cx>121.0</cx>
                <cy>112.0</cy>
            </node>
            <node id="51" type="1">
                <cx>137.0</cx>
                <cy>6.0</cy>
            </node>
            <node id="52" type="1">
                <cx>118.0</cx>
                <cy>131.0</cy>
            </node>
            <node id="53" type="1">
                <cx>34.0</cx>
                <cy>82.0</cy>
            </node>
            <node id="54" type="1">
                <cx>4.0</cx>
                <cy>125.0</cy>
            </node>
            <node id="55" type="1">
                <cx>26.0</cx>
                <cy>105.0</cy>
            </node>
            <node id="56" type="1">
                <cx>35.0</cx>
                <cy>123.0</cy>
            </node>
            <node id="57" type="1">
                <cx>21.0</cx>
                <cy>48.0</cy>
            </node>
            <node id="58" type="1">
                <cx>21.0</cx>
                <cy>115.0</cy>
            </node>
            <node id="59" type="1">
                <cx>99.0</cx>
                <cy>108.0</cy>
            </node>
            <node id="60" type="1">
                <cx>1.0</cx>
                <cy>34.0</cy>
            </node>
            <node id="61" type="1">
                <cx>94.0</cx>
                <cy>70.0</cy>
            </node>
            <node id="62" type="1">
                <cx>74.0</cx>
                <cy>93.0</cy>
            </node>
            <node id="63" type="1">
                <cx>32.0</cx>
                <cy>128.0</cy>
            </node>
            <node id="64" type="1">
                <cx>94.0</cx>
                <cy>73.0</cy>
            </node>
            <node id="65" type="1">
                <cx>135.0</cx>
                <cy>3.0</cy>
            </node>
            <node id="66" type="1">
                <cx>97.0</cx>
                <cy>28.0</cy>
            </node>
            <node id="67" type="1">
                <cx>59.0</cx>
                <cy>56.0</cy>
            </node>
            <node id="68" type="1">
                <cx>80.0</cx>
                <cy>97.0</cy>
            </node>
            <node id="69" type="1">
                <cx>134.0</cx>
                <cy>31.0</cy>
            </node>
            <node id="70" type="1">
                <cx>103.0</cx>
                <cy>34.0</cy>
            </node>
            <node id="71" type="1">
                <cx>30.0</cx>
                <cy>79.0</cy>
            </node>
            <node id="72" type="1">
                <cx>4.0</cx>
                <cy>30.0</cy>
            </node>
            <node id="73" type="1">
                <cx>87.0</cx>
                <cy>39.0</cy>
            </node>
            <node id="74" type="1">
                <cx>90.0</cx>
                <cy>101.0</cy>
            </node>
            <node id="75" type="1">
                <cx>119.0</cx>
                <cy>136.0</cy>
            </node>
            <node id="76" type="1">
                <cx>78.0</cx>
                <cy>92.0</cy>
            </node>
            <node id="77" type="1">
                <cx>110.0</cx>
                <cy>66.0</cy>
            </node>
            <node id="78" type="1">
                <cx>62.0</cx>
                <cy>58.0</cy>
            </node>
            <node id="79" type="1">
                <cx>127.0</cx>
                <cy>112.0</cy>
            </node>
            <node id="80" type="1">
                <cx>113.0</cx>
                <cy>71.0</cy>
            </node>
            <node id="81" type="1">
                <cx>34.0</cx>
                <cy>104.0</cy>
            </node>
            <node id="82" type="1">
                <cx>2.0</cx>
                <cy>28.0</cy>
            </node>
            <node id="83" type="1">
                <cx>17.0</cx>
                <cy>43.0</cy>
            </node>
            <node id="84" type="1">
                <cx>1.0</cx>
                <cy>24.0</cy>
            </node>
            <node id="85" type="1">
                <cx>112.0</cx>
                <cy>71.0</cy>
            </node>
            <node id="86" type="1">
                <cx>135.0</cx>
                <cy>0.0</cy>
            </node>
            <node id="87" type="1">
                <cx>125.0</cx>
                <cy>108.0</cy>
            </node>
            <node id="88" type="1">
                <cx>8.0</cx>
                <cy>138.0</cy>
            </node>
            <node id="89" type="1">
                <cx>103.0</cx>
                <cy>111.0</cy>
            </node>
            <node id="90" type="1">
                <cx>57.0</cx>
                <cy>53.0</cy>
            </node>
            <node id="91" type="1">
                <cx>98.0</cx>
                <cy>31.0</cy>
            </node>
            <node id="92" type="1">
                <cx>116.0</cx>
                <cy>132.0</cy>
            </node>
            <node id="93" type="1">
                <cx>28.0</cx>
                <cy>99.0</cy>
            </node>
            <node id="94" type="1">
                <cx>137.0</cx>
                <cy>3.0</cy>
            </node>
            <node id="95" type="1">
                <cx>29.0</cx>
                <cy>28.0</cy>
            </node>
            <node id="96" type="1">
                <cx>94.0</cx>
                <cy>105.0</cy>
            </node>
            <node id="97" type="1">
                <cx>92.0</cx>
                <cy>107.0</cy>
            </node>
            <node id="98" type="1">
                <cx>10.0</cx>
                <cy>134.0</cy>
            </node>
            <node id="99" type="1">
                <cx>34.0</cx>
                <cy>79.0</cy>
            </node>
            <node id="100" type="1">
                <cx>94.0</cx>
                <cy>72.0</cy>
            </node>
            <node id="101" type="1">
                <cx>35.0</cx>
                <cy>76.0</cy>
            </node>
            <node id="102" type="1">
                <cx>76.0</cx>
                <cy>99.0</cy>
            </node>
            <node id="103" type="1">
                <cx>127.0</cx>
                <cy>28.0</cy>
            </node>
            <node id="104" type="1">
                <cx>8.0</cx>
                <cy>119.0</cy>
            </node>
            <node id="105" type="1">
                <cx>102.0</cx>
                <cy>110.0</cy>
            </node>
            <node id="106" type="1">
                <cx>24.0</cx>
                <cy>24.0</cy>
            </node>
            <node id="107" type="1">
                <cx>64.0</cx>
                <cy>61.0</cy>
            </node>
            <node id="108" type="1">
                <cx>22.0</cx>
                <cy>38.0</cy>
            </node>
            <node id="109" type="1">
                <cx>88.0</cx>
                <cy>72.0</cy>
            </node>
            <node id="110" type="1">
                <cx>107.0</cx>
                <cy>63.0</cy>
            </node>
            <node id="111" type="1">
                <cx>33.0</cx>
                <cy>131.0</cy>
            </node>
            <node id="112" type="1">
                <cx>123.0</cx>
                <cy>112.0</cy>
            </node>
            <node id="113" type="1">
                <cx>67.0</cx>
                <cy>55.0</cy>
            </node>
            <node id="114" type="1">
                <cx>39.0</cx>
                <cy>128.0</cy>
            </node>
            <node id="115" type="1">
                <cx>136.0</cx>
                <cy>0.0</cy>
            </node>
            <node id="116" type="1">
                <cx>93.0</cx>
                <cy>36.0</cy>
            </node>
            <node id="117" type="1">
                <cx>7.0</cx>
                <cy>115.0</cy>
            </node>
            <node id="118" type="1">
                <cx>21.0</cx>
                <cy>44.0</cy>
            </node>
            <node id="119" type="1">
                <cx>28.0</cx>
                <cy>74.0</cy>
            </node>
            <node id="120" type="1">
                <cx>86.0</cx>
                <cy>102.0</cy>
            </node>
            <node id="121" type="1">
                <cx>19.0</cx>
                <cy>37.0</cy>
            </node>
            <node id="122" type="1">
                <cx>84.0</cx>
                <cy>36.0</cy>
            </node>
            <node id="123" type="1">
                <cx>118.0</cx>
                <cy>108.0</cy>
            </node>
            <node id="124" type="1">
                <cx>132.0</cx>
                <cy>24.0</cy>
            </node>
            <node id="125" type="1">
                <cx>6.0</cx>
                <cy>25.0</cy>
            </node>
            <node id="126" type="1">
                <cx>28.0</cx>
                <cy>78.0</cy>
            </node>
            <node id="127" type="1">
                <cx>2.0</cx>
                <cy>132.0</cy>
            </node>
            <node id="128" type="1">
                <cx>22.0</cx>
                <cy>22.0</cy>
            </node>
            <node id="129" type="1">
                <cx>88.0</cx>
                <cy>35.0</cy>
            </node>
            <node id="130" type="1">
                <cx>94.0</cx>
                <cy>104.0</cy>
            </node>
            <node id="131" type="1">
                <cx>74.0</cx>
                <cy>96.0</cy>
            </node>
            <node id="132" type="1">
                <cx>0.0</cx>
                <cy>117.0</cy>
            </node>
            <node id="133" type="1">
                <cx>99.0</cx>
                <cy>96.0</cy>
            </node>
            <node id="134" type="1">
                <cx>119.0</cx>
                <cy>114.0</cy>
            </node>
            <node id="135" type="1">
                <cx>28.0</cx>
                <cy>107.0</cy>
            </node>
            <node id="136" type="1">
                <cx>133.0</cx>
                <cy>12.0</cy>
            </node>
            <node id="137" type="1">
                <cx>35.0</cx>
                <cy>102.0</cy>
            </node>
            <node id="138" type="1">
                <cx>36.0</cx>
                <cy>105.0</cy>
            </node>
            <node id="139" type="1">
                <cx>84.0</cx>
                <cy>39.0</cy>
            </node>
            <node id="140" type="1">
                <cx>34.0</cx>
                <cy>138.0</cy>
            </node>
            <node id="141" type="1">
                <cx>136.0</cx>
                <cy>29.0</cy>
            </node>
            <node id="142" type="1">
                <cx>33.0</cx>
                <cy>133.0</cy>
            </node>
            <node id="143" type="1">
                <cx>16.0</cx>
                <cy>39.0</cy>
            </node>
            <node id="144" type="1">
                <cx>32.0</cx>
                <cy>77.0</cy>
            </node>
            <node id="145" type="1">
                <cx>122.0</cx>
                <cy>131.0</cy>
            </node>
            <node id="146" type="1">
                <cx>77.0</cx>
                <cy>100.0</cy>
            </node>
            <node id="147" type="1">
                <cx>96.0</cx>
                <cy>26.0</cy>
            </node>
            <node id="148" type="1">
                <cx>127.0</cx>
                <cy>29.0</cy>
            </node>
            <node id="149" type="1">
                <cx>91.0</cx>
                <cy>95.0</cy>
            </node>
            <node id="150" type="1">
                <cx>42.0</cx>
                <cy>136.0</cy>
            </node>
            <node id="151" type="1">
                <cx>36.0</cx>
                <cy>132.0</cy>
            </node>
            <node id="152" type="1">
                <cx>103.0</cx>
                <cy>106.0</cy>
            </node>
            <node id="153" type="1">
                <cx>107.0</cx>
                <cy>105.0</cy>
            </node>
            <node id="154" type="1">
                <cx>96.0</cx>
                <cy>74.0</cy>
            </node>
            <node id="155" type="1">
                <cx>63.0</cx>
                <cy>57.0</cy>
            </node>
            <node id="156" type="1">
                <cx>122.0</cx>
                <cy>113.0</cy>
            </node>
            <node id="157" type="1">
                <cx>14.0</cx>
                <cy>131.0</cy>
            </node>
            <node id="158" type="1">
                <cx>30.0</cx>
                <cy>31.0</cy>
            </node>
            <node id="159" type="1">
                <cx>40.0</cx>
                <cy>132.0</cy>
            </node>
            <node id="160" type="1">
                <cx>99.0</cx>
                <cy>26.0</cy>
            </node>
            <node id="161" type="1">
                <cx>10.0</cx>
                <cy>118.0</cy>
            </node>
            <node id="162" type="1">
                <cx>102.0</cx>
                <cy>60.0</cy>
            </node>
            <node id="163" type="1">
                <cx>120.0</cx>
                <cy>136.0</cy>
            </node>
            <node id="164" type="1">
                <cx>97.0</cx>
                <cy>29.0</cy>
            </node>
            <node id="165" type="1">
                <cx>19.0</cx>
                <cy>39.0</cy>
            </node>
            <node id="166" type="1">
                <cx>27.0</cx>
                <cy>77.0</cy>
            </node>
            <node id="167" type="1">
                <cx>30.0</cx>
                <cy>24.0</cy>
            </node>
            <node id="168" type="1">
                <cx>126.0</cx>
                <cy>112.0</cy>
            </node>
            <node id="169" type="1">
                <cx>105.0</cx>
                <cy>110.0</cy>
            </node>
            <node id="170" type="1">
                <cx>118.0</cx>
                <cy>114.0</cy>
            </node>
            <node id="171" type="1">
                <cx>135.0</cx>
                <cy>6.0</cy>
            </node>
            <node id="172" type="1">
                <cx>111.0</cx>
                <cy>66.0</cy>
            </node>
            <node id="173" type="1">
                <cx>95.0</cx>
                <cy>77.0</cy>
            </node>
            <node id="174" type="1">
                <cx>139.0</cx>
                <cy>10.0</cy>
            </node>
            <node id="175" type="1">
                <cx>61.0</cx>
                <cy>54.0</cy>
            </node>
            <node id="176" type="1">
                <cx>16.0</cx>
                <cy>38.0</cy>
            </node>
            <node id="177" type="1">
                <cx>16.0</cx>
                <cy>138.0</cy>
            </node>
            <node id="178" type="1">
                <cx>91.0</cx>
                <cy>78.0</cy>
            </node>
            <node id="179" type="1">
                <cx>91.0</cx>
                <cy>71.0</cy>
            </node>
            <node id="180" type="1">
                <cx>0.0</cx>
                <cy>27.0</cy>
            </node>
            <node id="181" type="1">
                <cx>6.0</cx>
                <cy>113.0</cy>
            </node>
            <node id="182" type="1">
                <cx>119.0</cx>
                <cy>139.0</cy>
            </node>
            <node id="183" type="1">
                <cx>35.0</cx>
                <cy>99.0</cy>
            </node>
            <node id="184" type="1">
                <cx>31.0</cx>
                <cy>112.0</cy>
            </node>
            <node id="185" type="1">
                <cx>5.0</cx>
                <cy>119.0</cy>
            </node>
            <node id="186" type="1">
                <cx>3.0</cx>
                <cy>135.0</cy>
            </node>
            <node id="187" type="1">
                <cx>30.0</cx>
                <cy>136.0</cy>
            </node>
            <node id="188" type="1">
                <cx>20.0</cx>
                <cy>39.0</cy>
            </node>
            <node id="189" type="1">
                <cx>131.0</cx>
                <cy>11.0</cy>
            </node>
            <node id="190" type="1">
                <cx>28.0</cx>
                <cy>33.0</cy>
            </node>
            <node id="191" type="1">
                <cx>4.0</cx>
                <cy>23.0</cy>
            </node>
            <node id="192" type="1">
                <cx>87.0</cx>
                <cy>108.0</cy>
            </node>
            <node id="193" type="1">
                <cx>21.0</cx>
                <cy>26.0</cy>
            </node>
            <node id="194" type="1">
                <cx>121.0</cx>
                <cy>134.0</cy>
            </node>
            <node id="195" type="1">
                <cx>119.0</cx>
                <cy>130.0</cy>
            </node>
            <node id="196" type="1">
                <cx>91.0</cx>
                <cy>108.0</cy>
            </node>
            <node id="197" type="1">
                <cx>130.0</cx>
                <cy>27.0</cy>
            </node>
            <node id="198" type="1">
                <cx>101.0</cx>
                <cy>107.0</cy>
            </node>
            <node id="199" type="1">
                <cx>34.0</cx>
                <cy>108.0</cy>
            </node>
            <node id="200" type="1">
                <cx>131.0</cx>
                <cy>31.0</cy>
            </node>
        </nodes>
        <euclidean/>
        <decimals>0</decimals>
    </network>
    <fleet>
        <vehicle_profile type="0" number="50">
            <departure_node>0</departure_node>
            <arrival_node>0</arrival_node>
            <capacity>200.0</capacity>
            <max_travel_time>1351.0</max_travel_time>
        </vehicle_profile>
    </fleet>
    <requests>
        <request id="1" node="1">
            <tw>
                <start>731</start>
                <end>829</end>
            </tw>
            <quantity>20.0</quantity>
            <service_time>90.0</service_time>
        </request>
        <request id="2" node="2">
            <tw>
                <start>518</start>
                <end>637</end>
            </tw>
            <quantity>20.0</quantity>
            <service_time>90.0</service_time>
        </request>
        <request id="3" node="3">
            <tw>
                <start>105</start>
                <end>261</end>
            </tw>
            <quantity>30.0</quantity>
            <service_time>90.0</service_time>
        </request>
        <request id="4" node="4">
            <tw>
                <start>578</start>
                <end>699</end>
            </tw>
            <quantity>10.0</quantity>
            <service_time>90.0</service_time>
        </request>
        <request id="5" node="5">
            <tw>
                <start>87</start>
                <end>221</end>
            </tw>
            <quantity>20.0</quantity>
            <service_time>90.0</service_time>
        </request>
        <request id="6" node="6">
            <tw>
                <start>448</start>
                <end>561</end>
            </tw>
            <quantity>10.0</quantity>
            <service_time>90.0</service_time>
        </request>
        <request id="7" node="7">
            <tw>
                <start>580</start>
                <end>715</end>
            </tw>
            <quantity>10.0</quantity>
            <service_time>90.0</service_time>
        </request>
        <request id="8" node="8">
            <tw>
                <start>293</start>
                <end>445</end>
            </tw>
            <quantity>40.0</quantity>
            <service_time>90.0</service_time>
        </request>
        <request id="9" node="9">
            <tw>
                <start>637</start>
                <end>739</end>
            </tw>
            <quantity>20.0</quantity>
            <service_time>90.0</service_time>
        </request>
        <request id="10" node="10">
            <tw>
                <start>194</start>
                <end>296</end>
            </tw>
            <quantity>20.0</quantity>
            <service_time>90.0</service_time>
        </request>
        <request id="11" node="11">
            <tw>
                <start>349</start>
                <end>479</end>
            </tw>
            <quantity>20.0</quantity>
            <service_time>90.0</service_time>
        </request>
        <request id="12" node="12">
            <tw>
                <start>144</start>
                <end>305</end>
            </tw>
            <quantity>10.0</quantity>
            <service_time>90.0</service_time>
        </request>
        <request id="13" node="13">
            <tw>
                <start>330</start>
                <end>449</end>
            </tw>
            <quantity>10.0</quantity>
            <service_time>90.0</service_time>
        </request>
        <request id="14" node="14">
            <tw>
                <start>525</start>
                <end>667</end>
            </tw>
            <quantity>10.0</quantity>
            <service_time>90.0</service_time>
        </request>
        <request id="15" node="15">
            <tw>
                <start>820</start>
                <end>937</end>
            </tw>
            <quantity>20.0</quantity>
            <service_time>90.0</service_time>
        </request>
        <request id="16" node="16">
            <tw>
                <start>578</start>
                <end>688</end>
            </tw>
            <quantity>10.0</quantity>
            <service_time>90.0</service_time>
        </request>
        <request id="17" node="17">
            <tw>
                <start>799</start>
                <end>915</end>
            </tw>
            <quantity>10.0</quantity>
            <service_time>90.0</service_time>
        </request>
        <request id="18" node="18">
            <tw>
                <start>205</start>
                <end>323</end>
            </tw>
            <quantity>10.0</quantity>
            <service_time>90.0</service_time>
        </request>
        <request id="19" node="19">
            <tw>
                <start>166</start>
                <end>273</end>
            </tw>
            <quantity>20.0</quantity>
            <service_time>90.0</service_time>
        </request>
        <request id="20" node="20">
            <tw>
                <start>33</start>
                <end>165</end>
            </tw>
            <quantity>30.0</quantity>
            <service_time>90.0</service_time>
        </request>
        <request id="21" node="21">
            <tw>
                <start>72</start>
                <end>194</end>
            </tw>
            <quantity>20.0</quantity>
            <service_time>90.0</service_time>
        </request>
        <request id="22" node="22">
            <tw>
                <start>380</start>
                <end>499</end>
            </tw>
            <quantity>10.0</quantity>
            <service_time>90.0</service_time>
        </request>
        <request id="23" node="23">
            <tw>
                <start>113</start>
                <end>226</end>
            </tw>
            <quantity>30.0</quantity>
            <service_time>90.0</service_time>
        </request>
        <request id="24" node="24">
            <tw>
                <start>429</start>
                <end>548</end>
            </tw>
            <quantity>10.0</quantity>
            <service_time>90.0</service_time>
        </request>
        <request id="25" node="25">
            <tw>
                <start>438</start>
                <end>558</end>
            </tw>
            <quantity>10.0</quantity>
            <service_time>90.0</service_time>
        </request>
        <request id="26" node="26">
            <tw>
                <start>156</start>
                <end>302</end>
            </tw>
            <quantity>20.0</quantity>
            <service_time>90.0</service_time>
        </request>
        <request id="27" node="27">
            <tw>
                <start>150</start>
                <end>267</end>
            </tw>
            <quantity>30.0</quantity>
            <service_time>90.0</service_time>
        </request>
        <request id="28" node="28">
            <tw>
                <start>833</start>
                <end>921</end>
            </tw>
            <quantity>20.0</quantity>
            <service_time>90.0</service_time>
        </request>
        <request id="29" node="29">
            <tw>
                <start>654</start>
                <end>766</end>
            </tw>
            <quantity>10.0</quantity>
            <service_time>90.0</service_time>
        </request>
        <request id="30" node="30">
            <tw>
                <start>32</start>
                <end>175</end>
            </tw>
            <quantity>20.0</quantity>
            <service_time>90.0</service_time>
        </request>
        <request id="31" node="31">
            <tw>
                <start>345</start>
                <end>466</end>
            </tw>
            <quantity>20.0</quantity>
            <service_time>90.0</service_time>
        </request>
        <request id="32" node="32">
            <tw>
                <start>84</start>
                <end>231</end>
            </tw>
            <quantity>10.0</quantity>
            <service_time>90.0</service_time>
        </request>
        <request id="33" node="33">
            <tw>
                <start>527</start>
                <end>692</end>
            </tw>
            <quantity>30.0</quantity>
            <service_time>90.0</service_time>
        </request>
        <request id="34" node="34">
            <tw>
                <start>743</start>
                <end>865</end>
            </tw>
            <quantity>10.0</quantity>
            <service_time>90.0</service_time>
        </request>
        <request id="35" node="35">
            <tw>
                <start>362</start>
                <end>458</end>
            </tw>
            <quantity>20.0</quantity>
            <service_time>90.0</service_time>
        </request>
        <request id="36" node="36">
            <tw>
                <start>457</start>
                <end>579</end>
            </tw>
            <quantity>30.0</quantity>
            <service_time>90.0</service_time>
        </request>
        <request id="37" node="37">
            <tw>
                <start>578</start>
                <end>680</end>
            </tw>
            <quantity>10.0</quantity>
            <service_time>90.0</service_time>
        </request>
        <request id="38" node="38">
            <tw>
                <start>206</start>
                <end>303</end>
            </tw>
            <quantity>10.0</quantity>
            <service_time>90.0</service_time>
        </request>
        <request id="39" node="39">
            <tw>
                <start>888</start>
                <end>1014</end>
            </tw>
            <quantity>20.0</quantity>
            <service_time>90.0</service_time>
        </request>
        <request id="40" node="40">
            <tw>
                <start>351</start>
                <end>474</end>
            </tw>
            <quantity>20.0</quantity>
            <service_time>90.0</service_time>
        </request>
        <request id="41" node="41">
            <tw>
                <start>73</start>
                <end>186</end>
            </tw>
            <quantity>20.0</quantity>
            <service_time>90.0</service_time>
        </request>
        <request id="42" node="42">
            <tw>
                <start>840</start>
                <end>952</end>
            </tw>
            <quantity>30.0</quantity>
            <service_time>90.0</service_time>
        </request>
        <request id="43" node="43">
            <tw>
                <start>419</start>
                <end>546</end>
            </tw>
            <quantity>20.0</quantity>
            <service_time>90.0</service_time>
        </request>
        <request id="44" node="44">
            <tw>
                <start>172</start>
                <end>247</end>
            </tw>
            <quantity>20.0</quantity>
            <service_time>90.0</service_time>
        </request>
        <request id="45" node="45">
            <tw>
                <start>19</start>
                <end>123</end>
            </tw>
            <quantity>10.0</quantity>
            <service_time>90.0</service_time>
        </request>
        <request id="46" node="46">
            <tw>
                <start>363</start>
                <end>494</end>
            </tw>
            <quantity>20.0</quantity>
            <service_time>90.0</service_time>
        </request>
        <request id="47" node="47">
            <tw>
                <start>360</start>
                <end>475</end>
            </tw>
            <quantity>30.0</quantity>
            <service_time>90.0</service_time>
        </request>
        <request id="48" node="48">
            <tw>
                <start>67</start>
                <end>194</end>
            </tw>
            <quantity>10.0</quantity>
            <service_time>90.0</service_time>
        </request>
        <request id="49" node="49">
            <tw>
                <start>851</start>
                <end>1006</end>
            </tw>
            <quantity>20.0</quantity>
            <service_time>90.0</service_time>
        </request>
        <request id="50" node="50">
            <tw>
                <start>188</start>
                <end>309</end>
            </tw>
            <quantity>20.0</quantity>
            <service_time>90.0</service_time>
        </request>
        <request id="51" node="51">
            <tw>
                <start>606</start>
                <end>684</end>
            </tw>
            <quantity>10.0</quantity>
            <service_time>90.0</service_time>
        </request>
        <request id="52" node="52">
            <tw>
                <start>762</start>
                <end>877</end>
            </tw>
            <quantity>20.0</quantity>
            <service_time>90.0</service_time>
        </request>
        <request id="53" node="53">
            <tw>
                <start>923</start>
                <end>1006</end>
            </tw>
            <quantity>10.0</quantity>
            <service_time>90.0</service_time>
        </request>
        <request id="54" node="54">
            <tw>
                <start>306</start>
                <end>411</end>
            </tw>
            <quantity>30.0</quantity>
            <service_time>90.0</service_time>
        </request>
        <request id="55" node="55">
            <tw>
                <start>94</start>
                <end>200</end>
            </tw>
            <quantity>40.0</quantity>
            <service_time>90.0</service_time>
        </request>
        <request id="56" node="56">
            <tw>
                <start>1090</start>
                <end>1198</end>
            </tw>
            <quantity>20.0</quantity>
            <service_time>90.0</service_time>
        </request>
        <request id="57" node="57">
            <tw>
                <start>53</start>
                <end>197</end>
            </tw>
            <quantity>10.0</quantity>
            <service_time>90.0</service_time>
        </request>
        <request id="58" node="58">
            <tw>
                <start>280</start>
                <end>401</end>
            </tw>
            <quantity>10.0</quantity>
            <service_time>90.0</service_time>
        </request>
        <request id="59" node="59">
            <tw>
                <start>913</start>
                <end>1031</end>
            </tw>
            <quantity>20.0</quantity>
            <service_time>90.0</service_time>
        </request>
        <request id="60" node="60">
            <tw>
                <start>77</start>
                <end>193</end>
            </tw>
            <quantity>20.0</quantity>
            <service_time>90.0</service_time>
        </request>
        <request id="61" node="61">
            <tw>
                <start>510</start>
                <end>656</end>
            </tw>
            <quantity>20.0</quantity>
            <service_time>90.0</service_time>
        </request>
        <request id="62" node="62">
            <tw>
                <start>23</start>
                <end>152</end>
            </tw>
            <quantity>20.0</quantity>
            <service_time>90.0</service_time>
        </request>
        <request id="63" node="63">
            <tw>
                <start>1065</start>
                <end>1137</end>
            </tw>
            <quantity>20.0</quantity>
            <service_time>90.0</service_time>
        </request>
        <request id="64" node="64">
            <tw>
                <start>710</start>
                <end>822</end>
            </tw>
            <quantity>10.0</quantity>
            <service_time>90.0</service_time>
        </request>
        <request id="65" node="65">
            <tw>
                <start>219</start>
                <end>331</end>
            </tw>
            <quantity>20.0</quantity>
            <service_time>90.0</service_time>
        </request>
        <request id="66" node="66">
            <tw>
                <start>92</start>
                <end>189</end>
            </tw>
            <quantity>20.0</quantity>
            <service_time>90.0</service_time>
        </request>
        <request id="67" node="67">
            <tw>
                <start>686</start>
                <end>839</end>
            </tw>
            <quantity>20.0</quantity>
            <service_time>90.0</service_time>
        </request>
        <request id="68" node="68">
            <tw>
                <start>405</start>
                <end>569</end>
            </tw>
            <quantity>10.0</quantity>
            <service_time>90.0</service_time>
        </request>
        <request id="69" node="69">
            <tw>
                <start>475</start>
                <end>600</end>
            </tw>
            <quantity>20.0</quantity>
            <service_time>90.0</service_time>
        </request>
        <request id="70" node="70">
            <tw>
                <start>542</start>
                <end>671</end>
            </tw>
            <quantity>30.0</quantity>
            <service_time>90.0</service_time>
        </request>
        <request id="71" node="71">
            <tw>
                <start>528</start>
                <end>664</end>
            </tw>
            <quantity>20.0</quantity>
            <service_time>90.0</service_time>
        </request>
        <request id="72" node="72">
            <tw>
                <start>679</start>
                <end>783</end>
            </tw>
            <quantity>40.0</quantity>
            <service_time>90.0</service_time>
        </request>
        <request id="73" node="73">
            <tw>
                <start>35</start>
                <end>137</end>
            </tw>
            <quantity>20.0</quantity>
            <service_time>90.0</service_time>
        </request>
        <request id="74" node="74">
            <tw>
                <start>905</start>
                <end>1036</end>
            </tw>
            <quantity>10.0</quantity>
            <service_time>90.0</service_time>
        </request>
        <request id="75" node="75">
            <tw>
                <start>294</start>
                <end>424</end>
            </tw>
            <quantity>30.0</quantity>
            <service_time>90.0</service_time>
        </request>
        <request id="76" node="76">
            <tw>
                <start>517</start>
                <end>648</end>
            </tw>
            <quantity>30.0</quantity>
            <service_time>90.0</service_time>
        </request>
        <request id="77" node="77">
            <tw>
                <start>617</start>
                <end>742</end>
            </tw>
            <quantity>10.0</quantity>
            <service_time>90.0</service_time>
        </request>
        <request id="78" node="78">
            <tw>
                <start>137</start>
                <end>265</end>
            </tw>
            <quantity>20.0</quantity>
            <service_time>90.0</service_time>
        </request>
        <request id="79" node="79">
            <tw>
                <start>569</start>
                <end>663</end>
            </tw>
            <quantity>20.0</quantity>
            <service_time>90.0</service_time>
        </request>
        <request id="80" node="80">
            <tw>
                <start>265</start>
                <end>362</end>
            </tw>
            <quantity>10.0</quantity>
            <service_time>90.0</service_time>
        </request>
        <request id="81" node="81">
            <tw>
                <start>659</start>
                <end>785</end>
            </tw>
            <quantity>10.0</quantity>
            <service_time>90.0</service_time>
        </request>
        <request id="82" node="82">
            <tw>
                <start>123</start>
                <end>224</end>
            </tw>
            <quantity>10.0</quantity>
            <service_time>90.0</service_time>
        </request>
        <request id="83" node="83">
            <tw>
                <start>175</start>
                <end>308</end>
            </tw>
            <quantity>10.0</quantity>
            <service_time>90.0</service_time>
        </request>
        <request id="84" node="84">
            <tw>
                <start>289</start>
                <end>430</end>
            </tw>
            <quantity>10.0</quantity>
            <service_time>90.0</service_time>
        </request>
        <request id="85" node="85">
            <tw>
                <start>144</start>
                <end>300</end>
            </tw>
            <quantity>20.0</quantity>
            <service_time>90.0</service_time>
        </request>
        <request id="86" node="86">
            <tw>
                <start>309</start>
                <end>426</end>
            </tw>
            <quantity>10.0</quantity>
            <service_time>90.0</service_time>
        </request>
        <request id="87" node="87">
            <tw>
                <start>733</start>
                <end>871</end>
            </tw>
            <quantity>20.0</quantity>
            <service_time>90.0</service_time>
        </request>
        <request id="88" node="88">
            <tw>
                <start>206</start>
                <end>345</end>
            </tw>
            <quantity>30.0</quantity>
            <service_time>90.0</service_time>
        </request>
        <request id="89" node="89">
            <tw>
                <start>636</start>
                <end>750</end>
            </tw>
            <quantity>20.0</quantity>
            <service_time>90.0</service_time>
        </request>
        <request id="90" node="90">
            <tw>
                <start>620</start>
                <end>718</end>
            </tw>
            <quantity>10.0</quantity>
            <service_time>90.0</service_time>
        </request>
        <request id="91" node="91">
            <tw>
                <start>456</start>
                <end>565</end>
            </tw>
            <quantity>20.0</quantity>
            <service_time>90.0</service_time>
        </request>
        <request id="92" node="92">
            <tw>
                <start>853</start>
                <end>970</end>
            </tw>
            <quantity>10.0</quantity>
            <service_time>90.0</service_time>
        </request>
        <request id="93" node="93">
            <tw>
                <start>51</start>
                <end>187</end>
            </tw>
            <quantity>10.0</quantity>
            <service_time>90.0</service_time>
        </request>
        <request id="94" node="94">
            <tw>
                <start>481</start>
                <end>623</end>
            </tw>
            <quantity>20.0</quantity>
            <service_time>90.0</service_time>
        </request>
        <request id="95" node="95">
            <tw>
                <start>842</start>
                <end>948</end>
            </tw>
            <quantity>10.0</quantity>
            <service_time>90.0</service_time>
        </request>
        <request id="96" node="96">
            <tw>
                <start>635</start>
                <end>750</end>
            </tw>
            <quantity>10.0</quantity>
            <service_time>90.0</service_time>
        </request>
        <request id="97" node="97">
            <tw>
                <start>439</start>
                <end>557</end>
            </tw>
            <quantity>30.0</quantity>
            <service_time>90.0</service_time>
        </request>
        <request id="98" node="98">
            <tw>
                <start>610</start>
                <end>697</end>
            </tw>
            <quantity>10.0</quantity>
            <service_time>90.0</service_time>
        </request>
        <request id="99" node="99">
            <tw>
                <start>804</start>
                <end>938</end>
            </tw>
            <quantity>10.0</quantity>
            <service_time>90.0</service_time>
        </request>
        <request id="100" node="100">
            <tw>
                <start>597</start>
                <end>753</end>
            </tw>
            <quantity>20.0</quantity>
            <service_time>90.0</service_time>
        </request>
        <request id="101" node="101">
            <tw>
                <start>35</start>
                <end>174</end>
            </tw>
            <quantity>10.0</quantity>
            <service_time>90.0</service_time>
        </request>
        <request id="102" node="102">
            <tw>
                <start>251</start>
                <end>352</end>
            </tw>
            <quantity>20.0</quantity>
            <service_time>90.0</service_time>
        </request>
        <request id="103" node="103">
            <tw>
                <start>98</start>
                <end>225</end>
            </tw>
            <quantity>30.0</quantity>
            <service_time>90.0</service_time>
        </request>
        <request id="104" node="104">
            <tw>
                <start>104</start>
                <end>234</end>
            </tw>
            <quantity>20.0</quantity>
            <service_time>90.0</service_time>
        </request>
        <request id="105" node="105">
            <tw>
                <start>715</start>
                <end>853</end>
            </tw>
            <quantity>10.0</quantity>
            <service_time>90.0</service_time>
        </request>
        <request id="106" node="106">
            <tw>
                <start>561</start>
                <end>669</end>
            </tw>
            <quantity>10.0</quantity>
            <service_time>90.0</service_time>
        </request>
        <request id="107" node="107">
            <tw>
                <start>976</start>
                <end>1112</end>
            </tw>
            <quantity>20.0</quantity>
            <service_time>90.0</service_time>
        </request>
        <request id="108" node="108">
            <tw>
                <start>909</start>
                <end>1043</end>
            </tw>
            <quantity>20.0</quantity>
            <service_time>90.0</service_time>
        </request>
        <request id="109" node="109">
            <tw>
                <start>877</start>
                <end>1028</end>
            </tw>
            <quantity>30.0</quantity>
            <service_time>90.0</service_time>
        </request>
        <request id="110" node="110">
            <tw>
                <start>714</start>
                <end>835</end>
            </tw>
            <quantity>30.0</quantity>
            <service_time>90.0</service_time>
        </request>
        <request id="111" node="111">
            <tw>
                <start>934</start>
                <end>1081</end>
            </tw>
            <quantity>30.0</quantity>
            <service_time>90.0</service_time>
        </request>
        <request id="112" node="112">
            <tw>
                <start>366</start>
                <end>498</end>
            </tw>
            <quantity>20.0</quantity>
            <service_time>90.0</service_time>
        </request>
        <request id="113" node="113">
            <tw>
                <start>15</start>
                <end>101</end>
            </tw>
            <quantity>10.0</quantity>
            <service_time>90.0</service_time>
        </request>
        <request id="114" node="114">
            <tw>
                <start>65</start>
                <end>166</end>
            </tw>
            <quantity>10.0</quantity>
            <service_time>90.0</service_time>
        </request>
        <request id="115" node="115">
            <tw>
                <start>419</start>
                <end>499</end>
            </tw>
            <quantity>30.0</quantity>
            <service_time>90.0</service_time>
        </request>
        <request id="116" node="116">
            <tw>
                <start>73</start>
                <end>191</end>
            </tw>
            <quantity>20.0</quantity>
            <service_time>90.0</service_time>
        </request>
        <request id="117" node="117">
            <tw>
                <start>796</start>
                <end>877</end>
            </tw>
            <quantity>10.0</quantity>
            <service_time>90.0</service_time>
        </request>
        <request id="118" node="118">
            <tw>
                <start>95</start>
                <end>200</end>
            </tw>
            <quantity>20.0</quantity>
            <service_time>90.0</service_time>
        </request>
        <request id="119" node="119">
            <tw>
                <start>167</start>
                <end>281</end>
            </tw>
            <quantity>20.0</quantity>
            <service_time>90.0</service_time>
        </request>
        <request id="120" node="120">
            <tw>
                <start>75</start>
                <end>176</end>
            </tw>
            <quantity>10.0</quantity>
            <service_time>90.0</service_time>
        </request>
        <request id="121" node="121">
            <tw>
                <start>649</start>
                <end>754</end>
            </tw>
            <quantity>20.0</quantity>
            <service_time>90.0</service_time>
        </request>
        <request id="122" node="122">
            <tw>
                <start>532</start>
                <end>661</end>
            </tw>
            <quantity>10.0</quantity>
            <service_time>90.0</service_time>
        </request>
        <request id="123" node="123">
            <tw>
                <start>925</start>
                <end>1055</end>
            </tw>
            <quantity>10.0</quantity>
            <service_time>90.0</service_time>
        </request>
        <request id="124" node="124">
            <tw>
                <start>281</start>
                <end>415</end>
            </tw>
            <quantity>10.0</quantity>
            <service_time>90.0</service_time>
        </request>
        <request id="125" node="125">
            <tw>
                <start>487</start>
                <end>604</end>
            </tw>
            <quantity>10.0</quantity>
            <service_time>90.0</service_time>
        </request>
        <request id="126" node="126">
            <tw>
                <start>447</start>
                <end>562</end>
            </tw>
            <quantity>10.0</quantity>
            <service_time>90.0</service_time>
        </request>
        <request id="127" node="127">
            <tw>
                <start>467</start>
                <end>642</end>
            </tw>
            <quantity>10.0</quantity>
            <service_time>90.0</service_time>
        </request>
        <request id="128" node="128">
            <tw>
                <start>466</start>
                <end>577</end>
            </tw>
            <quantity>10.0</quantity>
            <service_time>90.0</service_time>
        </request>
        <request id="129" node="129">
            <tw>
                <start>260</start>
                <end>383</end>
            </tw>
            <quantity>20.0</quantity>
            <service_time>90.0</service_time>
        </request>
        <request id="130" node="130">
            <tw>
                <start>721</start>
                <end>845</end>
            </tw>
            <quantity>10.0</quantity>
            <service_time>90.0</service_time>
        </request>
        <request id="131" node="131">
            <tw>
                <start>54</start>
                <end>178</end>
            </tw>
            <quantity>30.0</quantity>
            <service_time>90.0</service_time>
        </request>
        <request id="132" node="132">
            <tw>
                <start>483</start>
                <end>617</end>
            </tw>
            <quantity>30.0</quantity>
            <service_time>90.0</service_time>
        </request>
        <request id="133" node="133">
            <tw>
                <start>38</start>
                <end>203</end>
            </tw>
            <quantity>10.0</quantity>
            <service_time>90.0</service_time>
        </request>
        <request id="134" node="134">
            <tw>
                <start>87</start>
                <end>226</end>
            </tw>
            <quantity>20.0</quantity>
            <service_time>90.0</service_time>
        </request>
        <request id="135" node="135">
            <tw>
                <start>182</start>
                <end>298</end>
            </tw>
            <quantity>20.0</quantity>
            <service_time>90.0</service_time>
        </request>
        <request id="136" node="136">
            <tw>
                <start>778</start>
                <end>894</end>
            </tw>
            <quantity>10.0</quantity>
            <service_time>90.0</service_time>
        </request>
        <request id="137" node="137">
            <tw>
                <start>852</start>
                <end>963</end>
            </tw>
            <quantity>10.0</quantity>
            <service_time>90.0</service_time>
        </request>
        <request id="138" node="138">
            <tw>
                <start>756</start>
                <end>873</end>
            </tw>
            <quantity>20.0</quantity>
            <service_time>90.0</service_time>
        </request>
        <request id="139" node="139">
            <tw>
                <start>636</start>
                <end>743</end>
            </tw>
            <quantity>20.0</quantity>
            <service_time>90.0</service_time>
        </request>
        <request id="140" node="140">
            <tw>
                <start>698</start>
                <end>756</end>
            </tw>
            <quantity>20.0</quantity>
            <service_time>90.0</service_time>
        </request>
        <request id="141" node="141">
            <tw>
                <start>392</start>
                <end>497</end>
            </tw>
            <quantity>10.0</quantity>
            <service_time>90.0</service_time>
        </request>
        <request id="142" node="142">
            <tw>
                <start>868</start>
                <end>963</end>
            </tw>
            <quantity>20.0</quantity>
            <service_time>90.0</service_time>
        </request>
        <request id="143" node="143">
            <tw>
                <start>299</start>
                <end>372</end>
            </tw>
            <quantity>20.0</quantity>
            <service_time>90.0</service_time>
        </request>
        <request id="144" node="144">
            <tw>
                <start>73</start>
                <end>185</end>
            </tw>
            <quantity>20.0</quantity>
            <service_time>90.0</service_time>
        </request>
        <request id="145" node="145">
            <tw>
                <start>575</start>
                <end>694</end>
            </tw>
            <quantity>20.0</quantity>
            <service_time>90.0</service_time>
        </request>
        <request id="146" node="146">
            <tw>
                <start>310</start>
                <end>475</end>
            </tw>
            <quantity>20.0</quantity>
            <service_time>90.0</service_time>
        </request>
        <request id="147" node="147">
            <tw>
                <start>181</start>
                <end>284</end>
            </tw>
            <quantity>10.0</quantity>
            <service_time>90.0</service_time>
        </request>
        <request id="148" node="148">
            <tw>
                <start>70</start>
                <end>187</end>
            </tw>
            <quantity>20.0</quantity>
            <service_time>90.0</service_time>
        </request>
        <request id="149" node="149">
            <tw>
                <start>1012</start>
                <end>1120</end>
            </tw>
            <quantity>20.0</quantity>
            <service_time>90.0</service_time>
        </request>
        <request id="150" node="150">
            <tw>
                <start>292</start>
                <end>400</end>
            </tw>
            <quantity>10.0</quantity>
            <service_time>90.0</service_time>
        </request>
        <request id="151" node="151">
            <tw>
                <start>478</start>
                <end>602</end>
            </tw>
            <quantity>10.0</quantity>
            <service_time>90.0</service_time>
        </request>
        <request id="152" node="152">
            <tw>
                <start>259</start>
                <end>383</end>
            </tw>
            <quantity>30.0</quantity>
            <service_time>90.0</service_time>
        </request>
        <request id="153" node="153">
            <tw>
                <start>444</start>
                <end>566</end>
            </tw>
            <quantity>10.0</quantity>
            <service_time>90.0</service_time>
        </request>
        <request id="154" node="154">
            <tw>
                <start>331</start>
                <end>457</end>
            </tw>
            <quantity>10.0</quantity>
            <service_time>90.0</service_time>
        </request>
        <request id="155" node="155">
            <tw>
                <start>54</start>
                <end>165</end>
            </tw>
            <quantity>10.0</quantity>
            <service_time>90.0</service_time>
        </request>
        <request id="156" node="156">
            <tw>
                <start>287</start>
                <end>393</end>
            </tw>
            <quantity>20.0</quantity>
            <service_time>90.0</service_time>
        </request>
        <request id="157" node="157">
            <tw>
                <start>666</start>
                <end>831</end>
            </tw>
            <quantity>10.0</quantity>
            <service_time>90.0</service_time>
        </request>
        <request id="158" node="158">
            <tw>
                <start>929</start>
                <end>1047</end>
            </tw>
            <quantity>20.0</quantity>
            <service_time>90.0</service_time>
        </request>
        <request id="159" node="159">
            <tw>
                <start>106</start>
                <end>214</end>
            </tw>
            <quantity>20.0</quantity>
            <service_time>90.0</service_time>
        </request>
        <request id="160" node="160">
            <tw>
                <start>275</start>
                <end>375</end>
            </tw>
            <quantity>40.0</quantity>
            <service_time>90.0</service_time>
        </request>
        <request id="161" node="161">
            <tw>
                <start>76</start>
                <end>175</end>
            </tw>
            <quantity>10.0</quantity>
            <service_time>90.0</service_time>
        </request>
        <request id="162" node="162">
            <tw>
                <start>819</start>
                <end>922</end>
            </tw>
            <quantity>30.0</quantity>
            <service_time>90.0</service_time>
        </request>
        <request id="163" node="163">
            <tw>
                <start>375</start>
                <end>525</end>
            </tw>
            <quantity>10.0</quantity>
            <service_time>90.0</service_time>
        </request>
        <request id="164" node="164">
            <tw>
                <start>49</start>
                <end>154</end>
            </tw>
            <quantity>30.0</quantity>
            <service_time>90.0</service_time>
        </request>
        <request id="165" node="165">
            <tw>
                <start>748</start>
                <end>838</end>
            </tw>
            <quantity>10.0</quantity>
            <service_time>90.0</service_time>
        </request>
        <request id="166" node="166">
            <tw>
                <start>258</start>
                <end>376</end>
            </tw>
            <quantity>10.0</quantity>
            <service_time>90.0</service_time>
        </request>
        <request id="167" node="167">
            <tw>
                <start>643</start>
                <end>778</end>
            </tw>
            <quantity>20.0</quantity>
            <service_time>90.0</service_time>
        </request>
        <request id="168" node="168">
            <tw>
                <start>471</start>
                <end>578</end>
            </tw>
            <quantity>10.0</quantity>
            <service_time>90.0</service_time>
        </request>
        <request id="169" node="169">
            <tw>
                <start>529</start>
                <end>672</end>
            </tw>
            <quantity>20.0</quantity>
            <service_time>90.0</service_time>
        </request>
        <request id="170" node="170">
            <tw>
                <start>65</start>
                <end>174</end>
            </tw>
            <quantity>10.0</quantity>
            <service_time>90.0</service_time>
        </request>
        <request id="171" node="171">
            <tw>
                <start>109</start>
                <end>255</end>
            </tw>
            <quantity>30.0</quantity>
            <service_time>90.0</service_time>
        </request>
        <request id="172" node="172">
            <tw>
                <start>536</start>
                <end>642</end>
            </tw>
            <quantity>20.0</quantity>
            <service_time>90.0</service_time>
        </request>
        <request id="173" node="173">
            <tw>
                <start>237</start>
                <end>365</end>
            </tw>
            <quantity>10.0</quantity>
            <service_time>90.0</service_time>
        </request>
        <request id="174" node="174">
            <tw>
                <start>681</start>
                <end>797</end>
            </tw>
            <quantity>30.0</quantity>
            <service_time>90.0</service_time>
        </request>
        <request id="175" node="175">
            <tw>
                <start>219</start>
                <end>372</end>
            </tw>
            <quantity>10.0</quantity>
            <service_time>90.0</service_time>
        </request>
        <request id="176" node="176">
            <tw>
                <start>368</start>
                <end>486</end>
            </tw>
            <quantity>20.0</quantity>
            <service_time>90.0</service_time>
        </request>
        <request id="177" node="177">
            <tw>
                <start>86</start>
                <end>171</end>
            </tw>
            <quantity>10.0</quantity>
            <service_time>90.0</service_time>
        </request>
        <request id="178" node="178">
            <tw>
                <start>54</start>
                <end>175</end>
            </tw>
            <quantity>10.0</quantity>
            <service_time>90.0</service_time>
        </request>
        <request id="179" node="179">
            <tw>
                <start>806</start>
                <end>912</end>
            </tw>
            <quantity>20.0</quantity>
            <service_time>90.0</service_time>
        </request>
        <request id="180" node="180">
            <tw>
                <start>209</start>
                <end>323</end>
            </tw>
            <quantity>30.0</quantity>
            <service_time>90.0</service_time>
        </request>
        <request id="181" node="181">
            <tw>
                <start>682</start>
                <end>807</end>
            </tw>
            <quantity>20.0</quantity>
            <service_time>90.0</service_time>
        </request>
        <request id="182" node="182">
            <tw>
                <start>195</start>
                <end>336</end>
            </tw>
            <quantity>20.0</quantity>
            <service_time>90.0</service_time>
        </request>
        <request id="183" node="183">
            <tw>
                <start>931</start>
                <end>1069</end>
            </tw>
            <quantity>20.0</quantity>
            <service_time>90.0</service_time>
        </request>
        <request id="184" node="184">
            <tw>
                <start>396</start>
                <end>486</end>
            </tw>
            <quantity>20.0</quantity>
            <service_time>90.0</service_time>
        </request>
        <request id="185" node="185">
            <tw>
                <start>393</start>
                <end>516</end>
            </tw>
            <quantity>20.0</quantity>
            <service_time>90.0</service_time>
        </request>
        <request id="186" node="186">
            <tw>
                <start>407</start>
                <end>517</end>
            </tw>
            <quantity>20.0</quantity>
            <service_time>90.0</service_time>
        </request>
        <request id="187" node="187">
            <tw>
                <start>748</start>
                <end>894</end>
            </tw>
            <quantity>10.0</quantity>
            <service_time>90.0</service_time>
        </request>
        <request id="188" node="188">
            <tw>
                <start>830</start>
                <end>939</end>
            </tw>
            <quantity>10.0</quantity>
            <service_time>90.0</service_time>
        </request>
        <request id="189" node="189">
            <tw>
                <start>858</start>
                <end>998</end>
            </tw>
            <quantity>10.0</quantity>
            <service_time>90.0</service_time>
        </request>
        <request id="190" node="190">
            <tw>
                <start>55</start>
                <end>162</end>
            </tw>
            <quantity>20.0</quantity>
            <service_time>90.0</service_time>
        </request>
        <request id="191" node="191">
            <tw>
                <start>391</start>
                <end>514</end>
            </tw>
            <quantity>10.0</quantity>
            <service_time>90.0</service_time>
        </request>
        <request id="192" node="192">
            <tw>
                <start>269</start>
                <end>356</end>
            </tw>
            <quantity>20.0</quantity>
            <service_time>90.0</service_time>
        </request>
        <request id="193" node="193">
            <tw>
                <start>286</start>
                <end>389</end>
            </tw>
            <quantity>20.0</quantity>
            <service_time>90.0</service_time>
        </request>
        <request id="194" node="194">
            <tw>
                <start>477</start>
                <end>606</end>
            </tw>
            <quantity>20.0</quantity>
            <service_time>90.0</service_time>
        </request>
        <request id="195" node="195">
            <tw>
                <start>686</start>
                <end>770</end>
            </tw>
            <quantity>20.0</quantity>
            <service_time>90.0</service_time>
        </request>
        <request id="196" node="196">
            <tw>
                <start>347</start>
                <end>467</end>
            </tw>
            <quantity>10.0</quantity>
            <service_time>90.0</service_time>
        </request>
        <request id="197" node="197">
            <tw>
                <start>203</start>
                <end>306</end>
            </tw>
            <quantity>30.0</quantity>
            <service_time>90.0</service_time>
        </request>
        <request id="198" node="198">
            <tw>
                <start>1023</start>
                <end>1105</end>
            </tw>
            <quantity>10.0</quantity>
            <service_time>90.0</service_time>
        </request>
        <request id="199" node="199">
            <tw>
                <start>473</start>
                <end>599</end>
            </tw>
            <quantity>10.0</quantity>
            <service_time>90.0</service_time>
        </request>
        <request id="200" node="200">
            <tw>
                <start>567</start>
                <end>694</end>
            </tw>
            <quantity>20.0</quantity>
            <service_time>90.0</service_time>
        </request>
    </requests>
</instance>
