<?xml version="1.0" encoding="UTF-8" standalone="yes"?>
<instance>
    <info>
        <dataset>Gehring and Homberger 1999 — Set 200</dataset>
        <name>C2_02_05</name>
    </info>
    <network>
        <nodes>
            <node id="0" type="0">
                <cx>70.0</cx>
                <cy>70.0</cy>
            </node>
            <node id="1" type="1">
                <cx>38.0</cx>
                <cy>105.0</cy>
            </node>
            <node id="2" type="1">
                <cx>100.0</cx>
                <cy>5.0</cy>
            </node>
            <node id="3" type="1">
                <cx>111.0</cx>
                <cy>78.0</cy>
            </node>
            <node id="4" type="1">
                <cx>96.0</cx>
                <cy>62.0</cy>
            </node>
            <node id="5" type="1">
                <cx>122.0</cx>
                <cy>11.0</cy>
            </node>
            <node id="6" type="1">
                <cx>94.0</cx>
                <cy>18.0</cy>
            </node>
            <node id="7" type="1">
                <cx>60.0</cx>
                <cy>89.0</cy>
            </node>
            <node id="8" type="1">
                <cx>67.0</cx>
                <cy>123.0</cy>
            </node>
            <node id="9" type="1">
                <cx>99.0</cx>
                <cy>53.0</cy>
            </node>
            <node id="10" type="1">
                <cx>26.0</cx>
                <cy>24.0</cy>
            </node>
            <node id="11" type="1">
                <cx>93.0</cx>
                <cy>61.0</cy>
            </node>
            <node id="12" type="1">
                <cx>27.0</cx>
                <cy>32.0</cy>
            </node>
            <node id="13" type="1">
                <cx>25.0</cx>
                <cy>31.0</cy>
            </node>
            <node id="14" type="1">
                <cx>98.0</cx>
                <cy>36.0</cy>
            </node>
            <node id="15" type="1">
                <cx>101.0</cx>
                <cy>68.0</cy>
            </node>
            <node id="16" type="1">
                <cx>49.0</cx>
                <cy>48.0</cy>
            </node>
            <node id="17" type="1">
                <cx>56.0</cx>
                <cy>95.0</cy>
            </node>
            <node id="18" type="1">
                <cx>14.0</cx>
                <cy>107.0</cy>
            </node>
            <node id="19" type="1">
                <cx>98.0</cx>
                <cy>46.0</cy>
            </node>
            <node id="20" type="1">
                <cx>131.0</cx>
                <cy>4.0</cy>
            </node>
            <node id="21" type="1">
                <cx>94.0</cx>
                <cy>89.0</cy>
            </node>
            <node id="22" type="1">
                <cx>70.0</cx>
                <cy>113.0</cy>
            </node>
            <node id="23" type="1">
                <cx>94.0</cx>
                <cy>59.0</cy>
            </node>
            <node id="24" type="1">
                <cx>64.0</cx>
                <cy>59.0</cy>
            </node>
            <node id="25" type="1">
                <cx>112.0</cx>
                <cy>3.0</cy>
            </node>
            <node id="26" type="1">
                <cx>20.0</cx>
                <cy>108.0</cy>
            </node>
            <node id="27" type="1">
                <cx>10.0</cx>
                <cy>118.0</cy>
            </node>
            <node id="28" type="1">
                <cx>76.0</cx>
                <cy>65.0</cy>
            </node>
            <node id="29" type="1">
                <cx>103.0</cx>
                <cy>12.0</cy>
            </node>
            <node id="30" type="1">
                <cx>44.0</cx>
                <cy>62.0</cy>
            </node>
            <node id="31" type="1">
                <cx>96.0</cx>
                <cy>138.0</cy>
            </node>
            <node id="32" type="1">
                <cx>27.0</cx>
                <cy>44.0</cy>
            </node>
            <node id="33" type="1">
                <cx>21.0</cx>
                <cy>28.0</cy>
            </node>
            <node id="34" type="1">
                <cx>26.0</cx>
                <cy>91.0</cy>
            </node>
            <node id="35" type="1">
                <cx>98.0</cx>
                <cy>75.0</cy>
            </node>
            <node id="36" type="1">
                <cx>69.0</cx>
                <cy>48.0</cy>
            </node>
            <node id="37" type="1">
                <cx>19.0</cx>
                <cy>116.0</cy>
            </node>
            <node id="38" type="1">
                <cx>60.0</cx>
                <cy>111.0</cy>
            </node>
            <node id="39" type="1">
                <cx>54.0</cx>
                <cy>102.0</cy>
            </node>
            <node id="40" type="1">
                <cx>63.0</cx>
                <cy>103.0</cy>
            </node>
            <node id="41" type="1">
                <cx>91.0</cx>
                <cy>91.0</cy>
            </node>
            <node id="42" type="1">
                <cx>77.0</cx>
                <cy>15.0</cy>
            </node>
            <node id="43" type="1">
                <cx>77.0</cx>
                <cy>117.0</cy>
            </node>
            <node id="44" type="1">
                <cx>115.0</cx>
                <cy>41.0</cy>
            </node>
            <node id="45" type="1">
                <cx>12.0</cx>
                <cy>33.0</cy>
            </node>
            <node id="46" type="1">
                <cx>44.0</cx>
                <cy>82.0</cy>
            </node>
            <node id="47" type="1">
                <cx>117.0</cx>
                <cy>55.0</cy>
            </node>
            <node id="48" type="1">
                <cx>116.0</cx>
                <cy>10.0</cy>
            </node>
            <node id="49" type="1">
                <cx>57.0</cx>
                <cy>77.0</cy>
            </node>
            <node id="50" type="1">
                <cx>29.0</cx>
                <cy>36.0</cy>
            </node>
            <node id="51" type="1">
                <cx>90.0</cx>
                <cy>91.0</cy>
            </node>
            <node id="52" type="1">
                <cx>62.0</cx>
                <cy>73.0</cy>
            </node>
            <node id="53" type="1">
                <cx>6.0</cx>
                <cy>121.0</cy>
            </node>
            <node id="54" type="1">
                <cx>105.0</cx>
                <cy>49.0</cy>
            </node>
            <node id="55" type="1">
                <cx>28.0</cx>
                <cy>115.0</cy>
            </node>
            <node id="56" type="1">
                <cx>4.0</cx>
                <cy>137.0</cy>
            </node>
            <node id="57" type="1">
                <cx>11.0</cx>
                <cy>100.0</cy>
            </node>
            <node id="58" type="1">
                <cx>67.0</cx>
                <cy>84.0</cy>
            </node>
            <node id="59" type="1">
                <cx>23.0</cx>
                <cy>22.0</cy>
            </node>
            <node id="60" type="1">
                <cx>41.0</cx>
                <cy>64.0</cy>
            </node>
            <node id="61" type="1">
                <cx>56.0</cx>
                <cy>56.0</cy>
            </node>
            <node id="62" type="1">
                <cx>80.0</cx>
                <cy>40.0</cy>
            </node>
            <node id="63" type="1">
                <cx>60.0</cx>
                <cy>66.0</cy>
            </node>
            <node id="64" type="1">
                <cx>16.0</cx>
                <cy>90.0</cy>
            </node>
            <node id="65" type="1">
                <cx>104.0</cx>
                <cy>82.0</cy>
            </node>
            <node id="66" type="1">
                <cx>64.0</cx>
                <cy>78.0</cy>
            </node>
            <node id="67" type="1">
                <cx>47.0</cx>
                <cy>36.0</cy>
            </node>
            <node id="68" type="1">
                <cx>46.0</cx>
                <cy>80.0</cy>
            </node>
            <node id="69" type="1">
                <cx>86.0</cx>
                <cy>124.0</cy>
            </node>
            <node id="70" type="1">
                <cx>48.0</cx>
                <cy>72.0</cy>
            </node>
            <node id="71" type="1">
                <cx>121.0</cx>
                <cy>9.0</cy>
            </node>
            <node id="72" type="1">
                <cx>60.0</cx>
                <cy>52.0</cy>
            </node>
            <node id="73" type="1">
                <cx>25.0</cx>
                <cy>46.0</cy>
            </node>
            <node id="74" type="1">
                <cx>26.0</cx>
                <cy>15.0</cy>
            </node>
            <node id="75" type="1">
                <cx>98.0</cx>
                <cy>116.0</cy>
            </node>
            <node id="76" type="1">
                <cx>66.0</cx>
                <cy>131.0</cy>
            </node>
            <node id="77" type="1">
                <cx>15.0</cx>
                <cy>30.0</cy>
            </node>
            <node id="78" type="1">
                <cx>66.0</cx>
                <cy>117.0</cy>
            </node>
            <node id="79" type="1">
                <cx>111.0</cx>
                <cy>70.0</cy>
            </node>
            <node id="80" type="1">
                <cx>123.0</cx>
                <cy>19.0</cy>
            </node>
            <node id="81" type="1">
                <cx>17.0</cx>
                <cy>18.0</cy>
            </node>
            <node id="82" type="1">
                <cx>57.0</cx>
                <cy>87.0</cy>
            </node>
            <node id="83" type="1">
                <cx>102.0</cx>
                <cy>33.0</cy>
            </node>
            <node id="84" type="1">
                <cx>7.0</cx>
                <cy>113.0</cy>
            </node>
            <node id="85" type="1">
                <cx>37.0</cx>
                <cy>115.0</cy>
            </node>
            <node id="86" type="1">
                <cx>17.0</cx>
                <cy>25.0</cy>
            </node>
            <node id="87" type="1">
                <cx>83.0</cx>
                <cy>105.0</cy>
            </node>
            <node id="88" type="1">
                <cx>51.0</cx>
                <cy>115.0</cy>
            </node>
            <node id="89" type="1">
                <cx>96.0</cx>
                <cy>55.0</cy>
            </node>
            <node id="90" type="1">
                <cx>112.0</cx>
                <cy>2.0</cy>
            </node>
            <node id="91" type="1">
                <cx>116.0</cx>
                <cy>23.0</cy>
            </node>
            <node id="92" type="1">
                <cx>57.0</cx>
                <cy>70.0</cy>
            </node>
            <node id="93" type="1">
                <cx>15.0</cx>
                <cy>23.0</cy>
            </node>
            <node id="94" type="1">
                <cx>45.0</cx>
                <cy>68.0</cy>
            </node>
            <node id="95" type="1">
                <cx>19.0</cx>
                <cy>41.0</cy>
            </node>
            <node id="96" type="1">
                <cx>38.0</cx>
                <cy>16.0</cy>
            </node>
            <node id="97" type="1">
                <cx>81.0</cx>
                <cy>135.0</cy>
            </node>
            <node id="98" type="1">
                <cx>62.0</cx>
                <cy>128.0</cy>
            </node>
            <node id="99" type="1">
                <cx>49.0</cx>
                <cy>70.0</cy>
            </node>
            <node id="100" type="1">
                <cx>24.0</cx>
                <cy>19.0</cy>
            </node>
            <node id="101" type="1">
                <cx>119.0</cx>
                <cy>20.0</cy>
            </node>
            <node id="102" type="1">
                <cx>62.0</cx>
                <cy>125.0</cy>
            </node>
            <node id="103" type="1">
                <cx>29.0</cx>
                <cy>10.0</cy>
            </node>
            <node id="104" type="1">
                <cx>13.0</cx>
                <cy>80.0</cy>
            </node>
            <node id="105" type="1">
                <cx>65.0</cx>
                <cy>73.0</cy>
            </node>
            <node id="106" type="1">
                <cx>109.0</cx>
                <cy>25.0</cy>
            </node>
            <node id="107" type="1">
                <cx>91.0</cx>
                <cy>71.0</cy>
            </node>
            <node id="108" type="1">
                <cx>47.0</cx>
                <cy>57.0</cy>
            </node>
            <node id="109" type="1">
                <cx>9.0</cx>
                <cy>42.0</cy>
            </node>
            <node id="110" type="1">
                <cx>96.0</cx>
                <cy>23.0</cy>
            </node>
            <node id="111" type="1">
                <cx>26.0</cx>
                <cy>102.0</cy>
            </node>
            <node id="112" type="1">
                <cx>4.0</cx>
                <cy>15.0</cy>
            </node>
            <node id="113" type="1">
                <cx>3.0</cx>
                <cy>98.0</cy>
            </node>
            <node id="114" type="1">
                <cx>35.0</cx>
                <cy>88.0</cy>
            </node>
            <node id="115" type="1">
                <cx>18.0</cx>
                <cy>107.0</cy>
            </node>
            <node id="116" type="1">
                <cx>95.0</cx>
                <cy>68.0</cy>
            </node>
            <node id="117" type="1">
                <cx>58.0</cx>
                <cy>85.0</cy>
            </node>
            <node id="118" type="1">
                <cx>11.0</cx>
                <cy>23.0</cy>
            </node>
            <node id="119" type="1">
                <cx>61.0</cx>
                <cy>107.0</cy>
            </node>
            <node id="120" type="1">
                <cx>3.0</cx>
                <cy>17.0</cy>
            </node>
            <node id="121" type="1">
                <cx>26.0</cx>
                <cy>104.0</cy>
            </node>
            <node id="122" type="1">
                <cx>74.0</cx>
                <cy>56.0</cy>
            </node>
            <node id="123" type="1">
                <cx>24.0</cx>
                <cy>105.0</cy>
            </node>
            <node id="124" type="1">
                <cx>30.0</cx>
                <cy>106.0</cy>
            </node>
            <node id="125" type="1">
                <cx>4.0</cx>
                <cy>33.0</cy>
            </node>
            <node id="126" type="1">
                <cx>106.0</cx>
                <cy>0.0</cy>
            </node>
            <node id="127" type="1">
                <cx>120.0</cx>
                <cy>10.0</cy>
            </node>
            <node id="128" type="1">
                <cx>106.0</cx>
                <cy>5.0</cy>
            </node>
            <node id="129" type="1">
                <cx>30.0</cx>
                <cy>58.0</cy>
            </node>
            <node id="130" type="1">
                <cx>9.0</cx>
                <cy>9.0</cy>
            </node>
            <node id="131" type="1">
                <cx>7.0</cx>
                <cy>92.0</cy>
            </node>
            <node id="132" type="1">
                <cx>50.0</cx>
                <cy>29.0</cy>
            </node>
            <node id="133" type="1">
                <cx>46.0</cx>
                <cy>52.0</cy>
            </node>
            <node id="134" type="1">
                <cx>70.0</cx>
                <cy>110.0</cy>
            </node>
            <node id="135" type="1">
                <cx>37.0</cx>
                <cy>111.0</cy>
            </node>
            <node id="136" type="1">
                <cx>75.0</cx>
                <cy>64.0</cy>
            </node>
            <node id="137" type="1">
                <cx>20.0</cx>
                <cy>93.0</cy>
            </node>
            <node id="138" type="1">
                <cx>94.0</cx>
                <cy>1.0</cy>
            </node>
            <node id="139" type="1">
                <cx>41.0</cx>
                <cy>12.0</cy>
            </node>
            <node id="140" type="1">
                <cx>20.0</cx>
                <cy>109.0</cy>
            </node>
            <node id="141" type="1">
                <cx>28.0</cx>
                <cy>14.0</cy>
            </node>
            <node id="142" type="1">
                <cx>87.0</cx>
                <cy>63.0</cy>
            </node>
            <node id="143" type="1">
                <cx>101.0</cx>
                <cy>4.0</cy>
            </node>
            <node id="144" type="1">
                <cx>80.0</cx>
                <cy>22.0</cy>
            </node>
            <node id="145" type="1">
                <cx>117.0</cx>
                <cy>10.0</cy>
            </node>
            <node id="146" type="1">
                <cx>103.0</cx>
                <cy>33.0</cy>
            </node>
            <node id="147" type="1">
                <cx>104.0</cx>
                <cy>51.0</cy>
            </node>
            <node id="148" type="1">
                <cx>103.0</cx>
                <cy>19.0</cy>
            </node>
            <node id="149" type="1">
                <cx>7.0</cx>
                <cy>52.0</cy>
            </node>
            <node id="150" type="1">
                <cx>73.0</cx>
                <cy>119.0</cy>
            </node>
            <node id="151" type="1">
                <cx>79.0</cx>
                <cy>128.0</cy>
            </node>
            <node id="152" type="1">
                <cx>10.0</cx>
                <cy>50.0</cy>
            </node>
            <node id="153" type="1">
                <cx>26.0</cx>
                <cy>23.0</cy>
            </node>
            <node id="154" type="1">
                <cx>95.0</cx>
                <cy>103.0</cy>
            </node>
            <node id="155" type="1">
                <cx>101.0</cx>
                <cy>59.0</cy>
            </node>
            <node id="156" type="1">
                <cx>113.0</cx>
                <cy>67.0</cy>
            </node>
            <node id="157" type="1">
                <cx>25.0</cx>
                <cy>94.0</cy>
            </node>
            <node id="158" type="1">
                <cx>120.0</cx>
                <cy>20.0</cy>
            </node>
            <node id="159" type="1">
                <cx>105.0</cx>
                <cy>26.0</cy>
            </node>
            <node id="160" type="1">
                <cx>59.0</cx>
                <cy>77.0</cy>
            </node>
            <node id="161" type="1">
                <cx>116.0</cx>
                <cy>34.0</cy>
            </node>
            <node id="162" type="1">
                <cx>45.0</cx>
                <cy>71.0</cy>
            </node>
            <node id="163" type="1">
                <cx>86.0</cx>
                <cy>109.0</cy>
            </node>
            <node id="164" type="1">
                <cx>15.0</cx>
                <cy>96.0</cy>
            </node>
            <node id="165" type="1">
                <cx>64.0</cx>
                <cy>88.0</cy>
            </node>
            <node id="166" type="1">
                <cx>60.0</cx>
                <cy>115.0</cy>
            </node>
            <node id="167" type="1">
                <cx>63.0</cx>
                <cy>100.0</cy>
            </node>
            <node id="168" type="1">
                <cx>94.0</cx>
                <cy>104.0</cy>
            </node>
            <node id="169" type="1">
                <cx>8.0</cx>
                <cy>102.0</cy>
            </node>
            <node id="170" type="1">
                <cx>64.0</cx>
                <cy>89.0</cy>
            </node>
            <node id="171" type="1">
                <cx>61.0</cx>
                <cy>66.0</cy>
            </node>
            <node id="172" type="1">
                <cx>95.0</cx>
                <cy>121.0</cy>
            </node>
            <node id="173" type="1">
                <cx>47.0</cx>
                <cy>63.0</cy>
            </node>
            <node id="174" type="1">
                <cx>19.0</cx>
                <cy>96.0</cy>
            </node>
            <node id="175" type="1">
                <cx>103.0</cx>
                <cy>55.0</cy>
            </node>
            <node id="176" type="1">
                <cx>36.0</cx>
                <cy>94.0</cy>
            </node>
            <node id="177" type="1">
                <cx>75.0</cx>
                <cy>103.0</cy>
            </node>
            <node id="178" type="1">
                <cx>65.0</cx>
                <cy>80.0</cy>
            </node>
            <node id="179" type="1">
                <cx>94.0</cx>
                <cy>56.0</cy>
            </node>
            <node id="180" type="1">
                <cx>18.0</cx>
                <cy>123.0</cy>
            </node>
            <node id="181" type="1">
                <cx>92.0</cx>
                <cy>123.0</cy>
            </node>
            <node id="182" type="1">
                <cx>12.0</cx>
                <cy>31.0</cy>
            </node>
            <node id="183" type="1">
                <cx>106.0</cx>
                <cy>81.0</cy>
            </node>
            <node id="184" type="1">
                <cx>98.0</cx>
                <cy>28.0</cy>
            </node>
            <node id="185" type="1">
                <cx>14.0</cx>
                <cy>133.0</cy>
            </node>
            <node id="186" type="1">
                <cx>101.0</cx>
                <cy>32.0</cy>
            </node>
            <node id="187" type="1">
                <cx>25.0</cx>
                <cy>66.0</cy>
            </node>
            <node id="188" type="1">
                <cx>78.0</cx>
                <cy>61.0</cy>
            </node>
            <node id="189" type="1">
                <cx>123.0</cx>
                <cy>64.0</cy>
            </node>
            <node id="190" type="1">
                <cx>126.0</cx>
                <cy>20.0</cy>
            </node>
            <node id="191" type="1">
                <cx>72.0</cx>
                <cy>117.0</cy>
            </node>
            <node id="192" type="1">
                <cx>10.0</cx>
                <cy>105.0</cy>
            </node>
            <node id="193" type="1">
                <cx>128.0</cx>
                <cy>0.0</cy>
            </node>
            <node id="194" type="1">
                <cx>130.0</cx>
                <cy>16.0</cy>
            </node>
            <node id="195" type="1">
                <cx>114.0</cx>
                <cy>63.0</cy>
            </node>
            <node id="196" type="1">
                <cx>80.0</cx>
                <cy>63.0</cy>
            </node>
            <node id="197" type="1">
                <cx>113.0</cx>
                <cy>36.0</cy>
            </node>
            <node id="198" type="1">
                <cx>15.0</cx>
                <cy>94.0</cy>
            </node>
            <node id="199" type="1">
                <cx>129.0</cx>
                <cy>77.0</cy>
            </node>
            <node id="200" type="1">
                <cx>85.0</cx>
                <cy>85.0</cy>
            </node>
        </nodes>
        <euclidean/>
        <decimals>0</decimals>
    </network>
    <fleet>
        <vehicle_profile type="0" number="50">
            <departure_node>0</departure_node>
            <arrival_node>0</arrival_node>
            <capacity>700.0</capacity>
            <max_travel_time>3598.0</max_travel_time>
        </vehicle_profile>
    </fleet>
    <requests>
        <request id="1" node="1">
            <tw>
                <start>2728</start>
                <end>3048</end>
            </tw>
            <quantity>20.0</quantity>
            <service_time>90.0</service_time>
        </request>
        <request id="2" node="2">
            <tw>
                <start>588</start>
                <end>908</end>
            </tw>
            <quantity>20.0</quantity>
            <service_time>90.0</service_time>
        </request>
        <request id="3" node="3">
            <tw>
                <start>941</start>
                <end>1261</end>
            </tw>
            <quantity>10.0</quantity>
            <service_time>90.0</service_time>
        </request>
        <request id="4" node="4">
            <tw>
                <start>2737</start>
                <end>3057</end>
            </tw>
            <quantity>10.0</quantity>
            <service_time>90.0</service_time>
        </request>
        <request id="5" node="5">
            <tw>
                <start>1842</start>
                <end>2162</end>
            </tw>
            <quantity>30.0</quantity>
            <service_time>90.0</service_time>
        </request>
        <request id="6" node="6">
            <tw>
                <start>193</start>
                <end>513</end>
            </tw>
            <quantity>30.0</quantity>
            <service_time>90.0</service_time>
        </request>
        <request id="7" node="7">
            <tw>
                <start>2517</start>
                <end>2837</end>
            </tw>
            <quantity>10.0</quantity>
            <service_time>90.0</service_time>
        </request>
        <request id="8" node="8">
            <tw>
                <start>826</start>
                <end>1146</end>
            </tw>
            <quantity>20.0</quantity>
            <service_time>90.0</service_time>
        </request>
        <request id="9" node="9">
            <tw>
                <start>1737</start>
                <end>2057</end>
            </tw>
            <quantity>20.0</quantity>
            <service_time>90.0</service_time>
        </request>
        <request id="10" node="10">
            <tw>
                <start>93</start>
                <end>413</end>
            </tw>
            <quantity>20.0</quantity>
            <service_time>90.0</service_time>
        </request>
        <request id="11" node="11">
            <tw>
                <start>2830</start>
                <end>3150</end>
            </tw>
            <quantity>10.0</quantity>
            <service_time>90.0</service_time>
        </request>
        <request id="12" node="12">
            <tw>
                <start>1129</start>
                <end>1449</end>
            </tw>
            <quantity>20.0</quantity>
            <service_time>90.0</service_time>
        </request>
        <request id="13" node="13">
            <tw>
                <start>1037</start>
                <end>1357</end>
            </tw>
            <quantity>20.0</quantity>
            <service_time>90.0</service_time>
        </request>
        <request id="14" node="14">
            <tw>
                <start>3002</start>
                <end>3322</end>
            </tw>
            <quantity>10.0</quantity>
            <service_time>90.0</service_time>
        </request>
        <request id="15" node="15">
            <tw>
                <start>837</start>
                <end>1157</end>
            </tw>
            <quantity>10.0</quantity>
            <service_time>90.0</service_time>
        </request>
        <request id="16" node="16">
            <tw>
                <start>1323</start>
                <end>1643</end>
            </tw>
            <quantity>10.0</quantity>
            <service_time>90.0</service_time>
        </request>
        <request id="17" node="17">
            <tw>
                <start>2420</start>
                <end>2740</end>
            </tw>
            <quantity>10.0</quantity>
            <service_time>90.0</service_time>
        </request>
        <request id="18" node="18">
            <tw>
                <start>755</start>
                <end>1075</end>
            </tw>
            <quantity>20.0</quantity>
            <service_time>90.0</service_time>
        </request>
        <request id="19" node="19">
            <tw>
                <start>1834</start>
                <end>2154</end>
            </tw>
            <quantity>20.0</quantity>
            <service_time>90.0</service_time>
        </request>
        <request id="20" node="20">
            <tw>
                <start>1557</start>
                <end>1877</end>
            </tw>
            <quantity>40.0</quantity>
            <service_time>90.0</service_time>
        </request>
        <request id="21" node="21">
            <tw>
                <start>2715</start>
                <end>3035</end>
            </tw>
            <quantity>20.0</quantity>
            <service_time>90.0</service_time>
        </request>
        <request id="22" node="22">
            <tw>
                <start>1221</start>
                <end>1541</end>
            </tw>
            <quantity>30.0</quantity>
            <service_time>90.0</service_time>
        </request>
        <request id="23" node="23">
            <tw>
                <start>2922</start>
                <end>3242</end>
            </tw>
            <quantity>30.0</quantity>
            <service_time>90.0</service_time>
        </request>
        <request id="24" node="24">
            <tw>
                <start>1840</start>
                <end>2160</end>
            </tw>
            <quantity>10.0</quantity>
            <service_time>90.0</service_time>
        </request>
        <request id="25" node="25">
            <tw>
                <start>1265</start>
                <end>1585</end>
            </tw>
            <quantity>10.0</quantity>
            <service_time>90.0</service_time>
        </request>
        <request id="26" node="26">
            <tw>
                <start>659</start>
                <end>979</end>
            </tw>
            <quantity>10.0</quantity>
            <service_time>90.0</service_time>
        </request>
        <request id="27" node="27">
            <tw>
                <start>1436</start>
                <end>1756</end>
            </tw>
            <quantity>20.0</quantity>
            <service_time>90.0</service_time>
        </request>
        <request id="28" node="28">
            <tw>
                <start>7</start>
                <end>327</end>
            </tw>
            <quantity>40.0</quantity>
            <service_time>90.0</service_time>
        </request>
        <request id="29" node="29">
            <tw>
                <start>491</start>
                <end>811</end>
            </tw>
            <quantity>20.0</quantity>
            <service_time>90.0</service_time>
        </request>
        <request id="30" node="30">
            <tw>
                <start>1037</start>
                <end>1357</end>
            </tw>
            <quantity>30.0</quantity>
            <service_time>90.0</service_time>
        </request>
        <request id="31" node="31">
            <tw>
                <start>1908</start>
                <end>2228</end>
            </tw>
            <quantity>10.0</quantity>
            <service_time>90.0</service_time>
        </request>
        <request id="32" node="32">
            <tw>
                <start>1326</start>
                <end>1646</end>
            </tw>
            <quantity>20.0</quantity>
            <service_time>90.0</service_time>
        </request>
        <request id="33" node="33">
            <tw>
                <start>942</start>
                <end>1262</end>
            </tw>
            <quantity>40.0</quantity>
            <service_time>90.0</service_time>
        </request>
        <request id="34" node="34">
            <tw>
                <start>3021</start>
                <end>3341</end>
            </tw>
            <quantity>10.0</quantity>
            <service_time>90.0</service_time>
        </request>
        <request id="35" node="35">
            <tw>
                <start>643</start>
                <end>963</end>
            </tw>
            <quantity>10.0</quantity>
            <service_time>90.0</service_time>
        </request>
        <request id="36" node="36">
            <tw>
                <start>3040</start>
                <end>3360</end>
            </tw>
            <quantity>20.0</quantity>
            <service_time>90.0</service_time>
        </request>
        <request id="37" node="37">
            <tw>
                <start>1936</start>
                <end>2256</end>
            </tw>
            <quantity>10.0</quantity>
            <service_time>90.0</service_time>
        </request>
        <request id="38" node="38">
            <tw>
                <start>346</start>
                <end>666</end>
            </tw>
            <quantity>10.0</quantity>
            <service_time>90.0</service_time>
        </request>
        <request id="39" node="39">
            <tw>
                <start>153</start>
                <end>473</end>
            </tw>
            <quantity>20.0</quantity>
            <service_time>90.0</service_time>
        </request>
        <request id="40" node="40">
            <tw>
                <start>54</start>
                <end>374</end>
            </tw>
            <quantity>20.0</quantity>
            <service_time>90.0</service_time>
        </request>
        <request id="41" node="41">
            <tw>
                <start>344</start>
                <end>664</end>
            </tw>
            <quantity>10.0</quantity>
            <service_time>90.0</service_time>
        </request>
        <request id="42" node="42">
            <tw>
                <start>55</start>
                <end>375</end>
            </tw>
            <quantity>10.0</quantity>
            <service_time>90.0</service_time>
        </request>
        <request id="43" node="43">
            <tw>
                <start>1502</start>
                <end>1822</end>
            </tw>
            <quantity>30.0</quantity>
            <service_time>90.0</service_time>
        </request>
        <request id="44" node="44">
            <tw>
                <start>2608</start>
                <end>2928</end>
            </tw>
            <quantity>20.0</quantity>
            <service_time>90.0</service_time>
        </request>
        <request id="45" node="45">
            <tw>
                <start>751</start>
                <end>1071</end>
            </tw>
            <quantity>10.0</quantity>
            <service_time>90.0</service_time>
        </request>
        <request id="46" node="46">
            <tw>
                <start>722</start>
                <end>1042</end>
            </tw>
            <quantity>20.0</quantity>
            <service_time>90.0</service_time>
        </request>
        <request id="47" node="47">
            <tw>
                <start>1254</start>
                <end>1574</end>
            </tw>
            <quantity>20.0</quantity>
            <service_time>90.0</service_time>
        </request>
        <request id="48" node="48">
            <tw>
                <start>1076</start>
                <end>1396</end>
            </tw>
            <quantity>20.0</quantity>
            <service_time>90.0</service_time>
        </request>
        <request id="49" node="49">
            <tw>
                <start>2040</start>
                <end>2360</end>
            </tw>
            <quantity>20.0</quantity>
            <service_time>90.0</service_time>
        </request>
        <request id="50" node="50">
            <tw>
                <start>1424</start>
                <end>1744</end>
            </tw>
            <quantity>20.0</quantity>
            <service_time>90.0</service_time>
        </request>
        <request id="51" node="51">
            <tw>
                <start>2809</start>
                <end>3129</end>
            </tw>
            <quantity>10.0</quantity>
            <service_time>90.0</service_time>
        </request>
        <request id="52" node="52">
            <tw>
                <start>2990</start>
                <end>3310</end>
            </tw>
            <quantity>20.0</quantity>
            <service_time>90.0</service_time>
        </request>
        <request id="53" node="53">
            <tw>
                <start>1531</start>
                <end>1851</end>
            </tw>
            <quantity>20.0</quantity>
            <service_time>90.0</service_time>
        </request>
        <request id="54" node="54">
            <tw>
                <start>2244</start>
                <end>2564</end>
            </tw>
            <quantity>10.0</quantity>
            <service_time>90.0</service_time>
        </request>
        <request id="55" node="55">
            <tw>
                <start>2324</start>
                <end>2644</end>
            </tw>
            <quantity>10.0</quantity>
            <service_time>90.0</service_time>
        </request>
        <request id="56" node="56">
            <tw>
                <start>1638</start>
                <end>1958</end>
            </tw>
            <quantity>30.0</quantity>
            <service_time>90.0</service_time>
        </request>
        <request id="57" node="57">
            <tw>
                <start>853</start>
                <end>1173</end>
            </tw>
            <quantity>20.0</quantity>
            <service_time>90.0</service_time>
        </request>
        <request id="58" node="58">
            <tw>
                <start>2797</start>
                <end>3117</end>
            </tw>
            <quantity>30.0</quantity>
            <service_time>90.0</service_time>
        </request>
        <request id="59" node="59">
            <tw>
                <start>277</start>
                <end>597</end>
            </tw>
            <quantity>20.0</quantity>
            <service_time>90.0</service_time>
        </request>
        <request id="60" node="60">
            <tw>
                <start>943</start>
                <end>1263</end>
            </tw>
            <quantity>20.0</quantity>
            <service_time>90.0</service_time>
        </request>
        <request id="61" node="61">
            <tw>
                <start>1423</start>
                <end>1743</end>
            </tw>
            <quantity>40.0</quantity>
            <service_time>90.0</service_time>
        </request>
        <request id="62" node="62">
            <tw>
                <start>1632</start>
                <end>1952</end>
            </tw>
            <quantity>20.0</quantity>
            <service_time>90.0</service_time>
        </request>
        <request id="63" node="63">
            <tw>
                <start>143</start>
                <end>463</end>
            </tw>
            <quantity>30.0</quantity>
            <service_time>90.0</service_time>
        </request>
        <request id="64" node="64">
            <tw>
                <start>57</start>
                <end>377</end>
            </tw>
            <quantity>20.0</quantity>
            <service_time>90.0</service_time>
        </request>
        <request id="65" node="65">
            <tw>
                <start>544</start>
                <end>864</end>
            </tw>
            <quantity>30.0</quantity>
            <service_time>90.0</service_time>
        </request>
        <request id="66" node="66">
            <tw>
                <start>2894</start>
                <end>3214</end>
            </tw>
            <quantity>10.0</quantity>
            <service_time>90.0</service_time>
        </request>
        <request id="67" node="67">
            <tw>
                <start>41</start>
                <end>361</end>
            </tw>
            <quantity>20.0</quantity>
            <service_time>90.0</service_time>
        </request>
        <request id="68" node="68">
            <tw>
                <start>3162</start>
                <end>3482</end>
            </tw>
            <quantity>20.0</quantity>
            <service_time>90.0</service_time>
        </request>
        <request id="69" node="69">
            <tw>
                <start>1701</start>
                <end>2021</end>
            </tw>
            <quantity>20.0</quantity>
            <service_time>90.0</service_time>
        </request>
        <request id="70" node="70">
            <tw>
                <start>528</start>
                <end>848</end>
            </tw>
            <quantity>20.0</quantity>
            <service_time>90.0</service_time>
        </request>
        <request id="71" node="71">
            <tw>
                <start>1659</start>
                <end>1979</end>
            </tw>
            <quantity>10.0</quantity>
            <service_time>90.0</service_time>
        </request>
        <request id="72" node="72">
            <tw>
                <start>1519</start>
                <end>1839</end>
            </tw>
            <quantity>20.0</quantity>
            <service_time>90.0</service_time>
        </request>
        <request id="73" node="73">
            <tw>
                <start>1233</start>
                <end>1553</end>
            </tw>
            <quantity>20.0</quantity>
            <service_time>90.0</service_time>
        </request>
        <request id="74" node="74">
            <tw>
                <start>1919</start>
                <end>2239</end>
            </tw>
            <quantity>20.0</quantity>
            <service_time>90.0</service_time>
        </request>
        <request id="75" node="75">
            <tw>
                <start>2416</start>
                <end>2736</end>
            </tw>
            <quantity>30.0</quantity>
            <service_time>90.0</service_time>
        </request>
        <request id="76" node="76">
            <tw>
                <start>728</start>
                <end>1048</end>
            </tw>
            <quantity>10.0</quantity>
            <service_time>90.0</service_time>
        </request>
        <request id="77" node="77">
            <tw>
                <start>845</start>
                <end>1165</end>
            </tw>
            <quantity>20.0</quantity>
            <service_time>90.0</service_time>
        </request>
        <request id="78" node="78">
            <tw>
                <start>922</start>
                <end>1242</end>
            </tw>
            <quantity>30.0</quantity>
            <service_time>90.0</service_time>
        </request>
        <request id="79" node="79">
            <tw>
                <start>2630</start>
                <end>2950</end>
            </tw>
            <quantity>20.0</quantity>
            <service_time>90.0</service_time>
        </request>
        <request id="80" node="80">
            <tw>
                <start>2131</start>
                <end>2451</end>
            </tw>
            <quantity>20.0</quantity>
            <service_time>90.0</service_time>
        </request>
        <request id="81" node="81">
            <tw>
                <start>2111</start>
                <end>2431</end>
            </tw>
            <quantity>30.0</quantity>
            <service_time>90.0</service_time>
        </request>
        <request id="82" node="82">
            <tw>
                <start>2322</start>
                <end>2642</end>
            </tw>
            <quantity>10.0</quantity>
            <service_time>90.0</service_time>
        </request>
        <request id="83" node="83">
            <tw>
                <start>2907</start>
                <end>3227</end>
            </tw>
            <quantity>30.0</quantity>
            <service_time>90.0</service_time>
        </request>
        <request id="84" node="84">
            <tw>
                <start>1341</start>
                <end>1661</end>
            </tw>
            <quantity>10.0</quantity>
            <service_time>90.0</service_time>
        </request>
        <request id="85" node="85">
            <tw>
                <start>2423</start>
                <end>2743</end>
            </tw>
            <quantity>20.0</quantity>
            <service_time>90.0</service_time>
        </request>
        <request id="86" node="86">
            <tw>
                <start>374</start>
                <end>694</end>
            </tw>
            <quantity>10.0</quantity>
            <service_time>90.0</service_time>
        </request>
        <request id="87" node="87">
            <tw>
                <start>2218</start>
                <end>2538</end>
            </tw>
            <quantity>30.0</quantity>
            <service_time>90.0</service_time>
        </request>
        <request id="88" node="88">
            <tw>
                <start>2527</start>
                <end>2847</end>
            </tw>
            <quantity>10.0</quantity>
            <service_time>90.0</service_time>
        </request>
        <request id="89" node="89">
            <tw>
                <start>1549</start>
                <end>1869</end>
            </tw>
            <quantity>20.0</quantity>
            <service_time>90.0</service_time>
        </request>
        <request id="90" node="90">
            <tw>
                <start>1356</start>
                <end>1676</end>
            </tw>
            <quantity>20.0</quantity>
            <service_time>90.0</service_time>
        </request>
        <request id="91" node="91">
            <tw>
                <start>2409</start>
                <end>2729</end>
            </tw>
            <quantity>20.0</quantity>
            <service_time>90.0</service_time>
        </request>
        <request id="92" node="92">
            <tw>
                <start>1943</start>
                <end>2263</end>
            </tw>
            <quantity>10.0</quantity>
            <service_time>90.0</service_time>
        </request>
        <request id="93" node="93">
            <tw>
                <start>467</start>
                <end>787</end>
            </tw>
            <quantity>30.0</quantity>
            <service_time>90.0</service_time>
        </request>
        <request id="94" node="94">
            <tw>
                <start>341</start>
                <end>661</end>
            </tw>
            <quantity>30.0</quantity>
            <service_time>90.0</service_time>
        </request>
        <request id="95" node="95">
            <tw>
                <start>2906</start>
                <end>3226</end>
            </tw>
            <quantity>10.0</quantity>
            <service_time>90.0</service_time>
        </request>
        <request id="96" node="96">
            <tw>
                <start>1536</start>
                <end>1856</end>
            </tw>
            <quantity>10.0</quantity>
            <service_time>90.0</service_time>
        </request>
        <request id="97" node="97">
            <tw>
                <start>1803</start>
                <end>2123</end>
            </tw>
            <quantity>20.0</quantity>
            <service_time>90.0</service_time>
        </request>
        <request id="98" node="98">
            <tw>
                <start>633</start>
                <end>953</end>
            </tw>
            <quantity>20.0</quantity>
            <service_time>90.0</service_time>
        </request>
        <request id="99" node="99">
            <tw>
                <start>436</start>
                <end>756</end>
            </tw>
            <quantity>20.0</quantity>
            <service_time>90.0</service_time>
        </request>
        <request id="100" node="100">
            <tw>
                <start>2014</start>
                <end>2334</end>
            </tw>
            <quantity>10.0</quantity>
            <service_time>90.0</service_time>
        </request>
        <request id="101" node="101">
            <tw>
                <start>2315</start>
                <end>2635</end>
            </tw>
            <quantity>10.0</quantity>
            <service_time>90.0</service_time>
        </request>
        <request id="102" node="102">
            <tw>
                <start>540</start>
                <end>860</end>
            </tw>
            <quantity>30.0</quantity>
            <service_time>90.0</service_time>
        </request>
        <request id="103" node="103">
            <tw>
                <start>1733</start>
                <end>2053</end>
            </tw>
            <quantity>30.0</quantity>
            <service_time>90.0</service_time>
        </request>
        <request id="104" node="104">
            <tw>
                <start>57</start>
                <end>377</end>
            </tw>
            <quantity>30.0</quantity>
            <service_time>90.0</service_time>
        </request>
        <request id="105" node="105">
            <tw>
                <start>3083</start>
                <end>3403</end>
            </tw>
            <quantity>10.0</quantity>
            <service_time>90.0</service_time>
        </request>
        <request id="106" node="106">
            <tw>
                <start>2715</start>
                <end>3035</end>
            </tw>
            <quantity>10.0</quantity>
            <service_time>90.0</service_time>
        </request>
        <request id="107" node="107">
            <tw>
                <start>140</start>
                <end>460</end>
            </tw>
            <quantity>10.0</quantity>
            <service_time>90.0</service_time>
        </request>
        <request id="108" node="108">
            <tw>
                <start>1133</start>
                <end>1453</end>
            </tw>
            <quantity>30.0</quantity>
            <service_time>90.0</service_time>
        </request>
        <request id="109" node="109">
            <tw>
                <start>2609</start>
                <end>2929</end>
            </tw>
            <quantity>20.0</quantity>
            <service_time>90.0</service_time>
        </request>
        <request id="110" node="110">
            <tw>
                <start>97</start>
                <end>417</end>
            </tw>
            <quantity>30.0</quantity>
            <service_time>90.0</service_time>
        </request>
        <request id="111" node="111">
            <tw>
                <start>2830</start>
                <end>3150</end>
            </tw>
            <quantity>40.0</quantity>
            <service_time>90.0</service_time>
        </request>
        <request id="112" node="112">
            <tw>
                <start>2311</start>
                <end>2631</end>
            </tw>
            <quantity>20.0</quantity>
            <service_time>90.0</service_time>
        </request>
        <request id="113" node="113">
            <tw>
                <start>951</start>
                <end>1271</end>
            </tw>
            <quantity>10.0</quantity>
            <service_time>90.0</service_time>
        </request>
        <request id="114" node="114">
            <tw>
                <start>3149</start>
                <end>3469</end>
            </tw>
            <quantity>20.0</quantity>
            <service_time>90.0</service_time>
        </request>
        <request id="115" node="115">
            <tw>
                <start>475</start>
                <end>795</end>
            </tw>
            <quantity>10.0</quantity>
            <service_time>90.0</service_time>
        </request>
        <request id="116" node="116">
            <tw>
                <start>741</start>
                <end>1061</end>
            </tw>
            <quantity>20.0</quantity>
            <service_time>90.0</service_time>
        </request>
        <request id="117" node="117">
            <tw>
                <start>2230</start>
                <end>2550</end>
            </tw>
            <quantity>10.0</quantity>
            <service_time>90.0</service_time>
        </request>
        <request id="118" node="118">
            <tw>
                <start>561</start>
                <end>881</end>
            </tw>
            <quantity>10.0</quantity>
            <service_time>90.0</service_time>
        </request>
        <request id="119" node="119">
            <tw>
                <start>252</start>
                <end>572</end>
            </tw>
            <quantity>10.0</quantity>
            <service_time>90.0</service_time>
        </request>
        <request id="120" node="120">
            <tw>
                <start>2403</start>
                <end>2723</end>
            </tw>
            <quantity>10.0</quantity>
            <service_time>90.0</service_time>
        </request>
        <request id="121" node="121">
            <tw>
                <start>2131</start>
                <end>2451</end>
            </tw>
            <quantity>10.0</quantity>
            <service_time>90.0</service_time>
        </request>
        <request id="122" node="122">
            <tw>
                <start>1739</start>
                <end>2059</end>
            </tw>
            <quantity>10.0</quantity>
            <service_time>90.0</service_time>
        </request>
        <request id="123" node="123">
            <tw>
                <start>2038</start>
                <end>2358</end>
            </tw>
            <quantity>10.0</quantity>
            <service_time>90.0</service_time>
        </request>
        <request id="124" node="124">
            <tw>
                <start>2225</start>
                <end>2545</end>
            </tw>
            <quantity>30.0</quantity>
            <service_time>90.0</service_time>
        </request>
        <request id="125" node="125">
            <tw>
                <start>2509</start>
                <end>2829</end>
            </tw>
            <quantity>20.0</quantity>
            <service_time>90.0</service_time>
        </request>
        <request id="126" node="126">
            <tw>
                <start>880</start>
                <end>1200</end>
            </tw>
            <quantity>10.0</quantity>
            <service_time>90.0</service_time>
        </request>
        <request id="127" node="127">
            <tw>
                <start>1750</start>
                <end>2070</end>
            </tw>
            <quantity>20.0</quantity>
            <service_time>90.0</service_time>
        </request>
        <request id="128" node="128">
            <tw>
                <start>975</start>
                <end>1295</end>
            </tw>
            <quantity>30.0</quantity>
            <service_time>90.0</service_time>
        </request>
        <request id="129" node="129">
            <tw>
                <start>3016</start>
                <end>3336</end>
            </tw>
            <quantity>20.0</quantity>
            <service_time>90.0</service_time>
        </request>
        <request id="130" node="130">
            <tw>
                <start>2213</start>
                <end>2533</end>
            </tw>
            <quantity>10.0</quantity>
            <service_time>90.0</service_time>
        </request>
        <request id="131" node="131">
            <tw>
                <start>1048</start>
                <end>1368</end>
            </tw>
            <quantity>20.0</quantity>
            <service_time>90.0</service_time>
        </request>
        <request id="132" node="132">
            <tw>
                <start>45</start>
                <end>365</end>
            </tw>
            <quantity>10.0</quantity>
            <service_time>90.0</service_time>
        </request>
        <request id="133" node="133">
            <tw>
                <start>1228</start>
                <end>1548</end>
            </tw>
            <quantity>10.0</quantity>
            <service_time>90.0</service_time>
        </request>
        <request id="134" node="134">
            <tw>
                <start>1128</start>
                <end>1448</end>
            </tw>
            <quantity>30.0</quantity>
            <service_time>90.0</service_time>
        </request>
        <request id="135" node="135">
            <tw>
                <start>2632</start>
                <end>2952</end>
            </tw>
            <quantity>20.0</quantity>
            <service_time>90.0</service_time>
        </request>
        <request id="136" node="136">
            <tw>
                <start>7</start>
                <end>327</end>
            </tw>
            <quantity>20.0</quantity>
            <service_time>90.0</service_time>
        </request>
        <request id="137" node="137">
            <tw>
                <start>93</start>
                <end>413</end>
            </tw>
            <quantity>10.0</quantity>
            <service_time>90.0</service_time>
        </request>
        <request id="138" node="138">
            <tw>
                <start>686</start>
                <end>1006</end>
            </tw>
            <quantity>10.0</quantity>
            <service_time>90.0</service_time>
        </request>
        <request id="139" node="139">
            <tw>
                <start>1631</start>
                <end>1951</end>
            </tw>
            <quantity>10.0</quantity>
            <service_time>90.0</service_time>
        </request>
        <request id="140" node="140">
            <tw>
                <start>568</start>
                <end>888</end>
            </tw>
            <quantity>10.0</quantity>
            <service_time>90.0</service_time>
        </request>
        <request id="141" node="141">
            <tw>
                <start>1827</start>
                <end>2147</end>
            </tw>
            <quantity>20.0</quantity>
            <service_time>90.0</service_time>
        </request>
        <request id="142" node="142">
            <tw>
                <start>41</start>
                <end>361</end>
            </tw>
            <quantity>30.0</quantity>
            <service_time>90.0</service_time>
        </request>
        <request id="143" node="143">
            <tw>
                <start>783</start>
                <end>1103</end>
            </tw>
            <quantity>10.0</quantity>
            <service_time>90.0</service_time>
        </request>
        <request id="144" node="144">
            <tw>
                <start>49</start>
                <end>369</end>
            </tw>
            <quantity>10.0</quantity>
            <service_time>90.0</service_time>
        </request>
        <request id="145" node="145">
            <tw>
                <start>1167</start>
                <end>1487</end>
            </tw>
            <quantity>10.0</quantity>
            <service_time>90.0</service_time>
        </request>
        <request id="146" node="146">
            <tw>
                <start>1938</start>
                <end>2258</end>
            </tw>
            <quantity>10.0</quantity>
            <service_time>90.0</service_time>
        </request>
        <request id="147" node="147">
            <tw>
                <start>2336</start>
                <end>2656</end>
            </tw>
            <quantity>20.0</quantity>
            <service_time>90.0</service_time>
        </request>
        <request id="148" node="148">
            <tw>
                <start>394</start>
                <end>714</end>
            </tw>
            <quantity>30.0</quantity>
            <service_time>90.0</service_time>
        </request>
        <request id="149" node="149">
            <tw>
                <start>2710</start>
                <end>3030</end>
            </tw>
            <quantity>20.0</quantity>
            <service_time>90.0</service_time>
        </request>
        <request id="150" node="150">
            <tw>
                <start>1407</start>
                <end>1727</end>
            </tw>
            <quantity>30.0</quantity>
            <service_time>90.0</service_time>
        </request>
        <request id="151" node="151">
            <tw>
                <start>1603</start>
                <end>1923</end>
            </tw>
            <quantity>30.0</quantity>
            <service_time>90.0</service_time>
        </request>
        <request id="152" node="152">
            <tw>
                <start>2803</start>
                <end>3123</end>
            </tw>
            <quantity>20.0</quantity>
            <service_time>90.0</service_time>
        </request>
        <request id="153" node="153">
            <tw>
                <start>184</start>
                <end>504</end>
            </tw>
            <quantity>50.0</quantity>
            <service_time>90.0</service_time>
        </request>
        <request id="154" node="154">
            <tw>
                <start>2611</start>
                <end>2931</end>
            </tw>
            <quantity>20.0</quantity>
            <service_time>90.0</service_time>
        </request>
        <request id="155" node="155">
            <tw>
                <start>1453</start>
                <end>1773</end>
            </tw>
            <quantity>30.0</quantity>
            <service_time>90.0</service_time>
        </request>
        <request id="156" node="156">
            <tw>
                <start>2536</start>
                <end>2856</end>
            </tw>
            <quantity>20.0</quantity>
            <service_time>90.0</service_time>
        </request>
        <request id="157" node="157">
            <tw>
                <start>2928</start>
                <end>3248</end>
            </tw>
            <quantity>10.0</quantity>
            <service_time>90.0</service_time>
        </request>
        <request id="158" node="158">
            <tw>
                <start>2224</start>
                <end>2544</end>
            </tw>
            <quantity>20.0</quantity>
            <service_time>90.0</service_time>
        </request>
        <request id="159" node="159">
            <tw>
                <start>2809</start>
                <end>3129</end>
            </tw>
            <quantity>30.0</quantity>
            <service_time>90.0</service_time>
        </request>
        <request id="160" node="160">
            <tw>
                <start>2132</start>
                <end>2452</end>
            </tw>
            <quantity>20.0</quantity>
            <service_time>90.0</service_time>
        </request>
        <request id="161" node="161">
            <tw>
                <start>2136</start>
                <end>2456</end>
            </tw>
            <quantity>20.0</quantity>
            <service_time>90.0</service_time>
        </request>
        <request id="162" node="162">
            <tw>
                <start>621</start>
                <end>941</end>
            </tw>
            <quantity>10.0</quantity>
            <service_time>90.0</service_time>
        </request>
        <request id="163" node="163">
            <tw>
                <start>2313</start>
                <end>2633</end>
            </tw>
            <quantity>10.0</quantity>
            <service_time>90.0</service_time>
        </request>
        <request id="164" node="164">
            <tw>
                <start>280</start>
                <end>600</end>
            </tw>
            <quantity>10.0</quantity>
            <service_time>90.0</service_time>
        </request>
        <request id="165" node="165">
            <tw>
                <start>2702</start>
                <end>3022</end>
            </tw>
            <quantity>30.0</quantity>
            <service_time>90.0</service_time>
        </request>
        <request id="166" node="166">
            <tw>
                <start>440</start>
                <end>760</end>
            </tw>
            <quantity>20.0</quantity>
            <service_time>90.0</service_time>
        </request>
        <request id="167" node="167">
            <tw>
                <start>30</start>
                <end>350</end>
            </tw>
            <quantity>10.0</quantity>
            <service_time>90.0</service_time>
        </request>
        <request id="168" node="168">
            <tw>
                <start>2519</start>
                <end>2839</end>
            </tw>
            <quantity>30.0</quantity>
            <service_time>90.0</service_time>
        </request>
        <request id="169" node="169">
            <tw>
                <start>1148</start>
                <end>1468</end>
            </tw>
            <quantity>10.0</quantity>
            <service_time>90.0</service_time>
        </request>
        <request id="170" node="170">
            <tw>
                <start>2611</start>
                <end>2931</end>
            </tw>
            <quantity>10.0</quantity>
            <service_time>90.0</service_time>
        </request>
        <request id="171" node="171">
            <tw>
                <start>52</start>
                <end>372</end>
            </tw>
            <quantity>10.0</quantity>
            <service_time>90.0</service_time>
        </request>
        <request id="172" node="172">
            <tw>
                <start>2108</start>
                <end>2428</end>
            </tw>
            <quantity>10.0</quantity>
            <service_time>90.0</service_time>
        </request>
        <request id="173" node="173">
            <tw>
                <start>246</start>
                <end>566</end>
            </tw>
            <quantity>30.0</quantity>
            <service_time>90.0</service_time>
        </request>
        <request id="174" node="174">
            <tw>
                <start>374</start>
                <end>694</end>
            </tw>
            <quantity>10.0</quantity>
            <service_time>90.0</service_time>
        </request>
        <request id="175" node="175">
            <tw>
                <start>1358</start>
                <end>1678</end>
            </tw>
            <quantity>20.0</quantity>
            <service_time>90.0</service_time>
        </request>
        <request id="176" node="176">
            <tw>
                <start>3122</start>
                <end>3442</end>
            </tw>
            <quantity>30.0</quantity>
            <service_time>90.0</service_time>
        </request>
        <request id="177" node="177">
            <tw>
                <start>1029</start>
                <end>1349</end>
            </tw>
            <quantity>20.0</quantity>
            <service_time>90.0</service_time>
        </request>
        <request id="178" node="178">
            <tw>
                <start>11</start>
                <end>331</end>
            </tw>
            <quantity>10.0</quantity>
            <service_time>90.0</service_time>
        </request>
        <request id="179" node="179">
            <tw>
                <start>1641</start>
                <end>1961</end>
            </tw>
            <quantity>30.0</quantity>
            <service_time>90.0</service_time>
        </request>
        <request id="180" node="180">
            <tw>
                <start>1839</start>
                <end>2159</end>
            </tw>
            <quantity>20.0</quantity>
            <service_time>90.0</service_time>
        </request>
        <request id="181" node="181">
            <tw>
                <start>2014</start>
                <end>2334</end>
            </tw>
            <quantity>10.0</quantity>
            <service_time>90.0</service_time>
        </request>
        <request id="182" node="182">
            <tw>
                <start>659</start>
                <end>979</end>
            </tw>
            <quantity>20.0</quantity>
            <service_time>90.0</service_time>
        </request>
        <request id="183" node="183">
            <tw>
                <start>452</start>
                <end>772</end>
            </tw>
            <quantity>20.0</quantity>
            <service_time>90.0</service_time>
        </request>
        <request id="184" node="184">
            <tw>
                <start>293</start>
                <end>613</end>
            </tw>
            <quantity>10.0</quantity>
            <service_time>90.0</service_time>
        </request>
        <request id="185" node="185">
            <tw>
                <start>1738</start>
                <end>2058</end>
            </tw>
            <quantity>30.0</quantity>
            <service_time>90.0</service_time>
        </request>
        <request id="186" node="186">
            <tw>
                <start>2031</start>
                <end>2351</end>
            </tw>
            <quantity>20.0</quantity>
            <service_time>90.0</service_time>
        </request>
        <request id="187" node="187">
            <tw>
                <start>837</start>
                <end>1157</end>
            </tw>
            <quantity>10.0</quantity>
            <service_time>90.0</service_time>
        </request>
        <request id="188" node="188">
            <tw>
                <start>12</start>
                <end>332</end>
            </tw>
            <quantity>40.0</quantity>
            <service_time>90.0</service_time>
        </request>
        <request id="189" node="189">
            <tw>
                <start>1154</start>
                <end>1474</end>
            </tw>
            <quantity>20.0</quantity>
            <service_time>90.0</service_time>
        </request>
        <request id="190" node="190">
            <tw>
                <start>2037</start>
                <end>2357</end>
            </tw>
            <quantity>20.0</quantity>
            <service_time>90.0</service_time>
        </request>
        <request id="191" node="191">
            <tw>
                <start>1315</start>
                <end>1635</end>
            </tw>
            <quantity>10.0</quantity>
            <service_time>90.0</service_time>
        </request>
        <request id="192" node="192">
            <tw>
                <start>1242</start>
                <end>1562</end>
            </tw>
            <quantity>20.0</quantity>
            <service_time>90.0</service_time>
        </request>
        <request id="193" node="193">
            <tw>
                <start>1462</start>
                <end>1782</end>
            </tw>
            <quantity>10.0</quantity>
            <service_time>90.0</service_time>
        </request>
        <request id="194" node="194">
            <tw>
                <start>1942</start>
                <end>2262</end>
            </tw>
            <quantity>30.0</quantity>
            <service_time>90.0</service_time>
        </request>
        <request id="195" node="195">
            <tw>
                <start>2442</start>
                <end>2762</end>
            </tw>
            <quantity>10.0</quantity>
            <service_time>90.0</service_time>
        </request>
        <request id="196" node="196">
            <tw>
                <start>12</start>
                <end>332</end>
            </tw>
            <quantity>20.0</quantity>
            <service_time>90.0</service_time>
        </request>
        <request id="197" node="197">
            <tw>
                <start>2512</start>
                <end>2832</end>
            </tw>
            <quantity>10.0</quantity>
            <service_time>90.0</service_time>
        </request>
        <request id="198" node="198">
            <tw>
                <start>188</start>
                <end>508</end>
            </tw>
            <quantity>30.0</quantity>
            <service_time>90.0</service_time>
        </request>
        <request id="199" node="199">
            <tw>
                <start>1049</start>
                <end>1369</end>
            </tw>
            <quantity>10.0</quantity>
            <service_time>90.0</service_time>
        </request>
        <request id="200" node="200">
            <tw>
                <start>245</start>
                <end>565</end>
            </tw>
            <quantity>20.0</quantity>
            <service_time>90.0</service_time>
        </request>
    </requests>
</instance>
